1,2016-01-22-58,1.94062
41,2016-01-22-82,1.00001
19,2016-01-22-82,1.06436
23,2016-01-22-118,6.55741
16,2016-01-22-70,1.07466
37,2016-01-22-142,2.39038
16,2016-01-22-46,1.00054
64,2016-01-22-130,1.00144
11,2016-01-22-46,1.14186
2,2016-01-22-58,1.0
13,2016-01-22-70,1.00079
7,2016-01-22-118,32.5603
35,2016-01-22-130,1.00029
50,2016-01-22-118,1.0
24,2016-01-22-70,36.7003
50,2016-01-22-130,1.0
22,2016-01-22-94,11.4947
22,2016-01-22-118,15.4224
8,2016-01-22-82,69.4745
54,2016-01-22-82,1.0
29,2016-01-22-106,2.6459
26,2016-01-22-46,1.0
11,2016-01-22-118,1.00032
5,2016-01-22-142,1.0
32,2016-01-22-106,1.00032
37,2016-01-22-46,38.8726
57,2016-01-22-130,1.0
40,2016-01-22-118,1.0
56,2016-01-22-130,1.00004
18,2016-01-22-94,1.07466
55,2016-01-22-46,1.0
1,2016-01-22-106,4.31312
22,2016-01-22-82,8.12321
23,2016-01-22-106,71.0155
28,2016-01-22-130,67.9765
55,2016-01-22-58,1.00026
61,2016-01-22-118,1.0
7,2016-01-22-94,67.0517
54,2016-01-22-130,1.00019
63,2016-01-22-94,1.00079
31,2016-01-22-130,1.00023
22,2016-01-22-106,12.1979
61,2016-01-22-142,1.0
11,2016-01-22-94,1.0
26,2016-01-22-58,37.514
20,2016-01-22-118,2.51277
33,2016-01-22-118,1.00032
13,2016-01-22-118,1.00054
1,2016-01-22-94,3.0248
37,2016-01-22-130,12.7728
2,2016-01-22-94,1.00079
17,2016-01-22-106,1.00032
49,2016-01-22-46,1.00079
62,2016-01-22-130,1.07466
58,2016-01-22-58,1.00004
40,2016-01-22-58,1.00001
1,2016-01-22-70,3.39228
51,2016-01-22-142,86.0258
48,2016-01-22-118,8.90016
34,2016-01-22-118,1.0
53,2016-01-22-118,1.17982
45,2016-01-22-46,1.00019
55,2016-01-22-94,1.0
13,2016-01-22-82,1.00023
31,2016-01-22-142,1.00004
64,2016-01-22-82,1.0
25,2016-01-22-142,1.00029
47,2016-01-22-94,1.2246
29,2016-01-22-94,1.00019
48,2016-01-22-70,4.39611
9,2016-01-22-82,1.04936
65,2016-01-22-142,1.0
59,2016-01-22-58,1.0
66,2016-01-22-58,1.0
44,2016-01-22-58,1.0
46,2016-01-22-70,24.1415
42,2016-01-22-46,2.51428
8,2016-01-22-118,21.1898
38,2016-01-22-82,1.00019
35,2016-01-22-46,1.00019
16,2016-01-22-130,1.0
9,2016-01-22-142,1.0
60,2016-01-22-82,1.0
61,2016-01-22-46,1.0
35,2016-01-22-58,1.26931
6,2016-01-22-142,1.0
4,2016-01-22-106,4.95497
40,2016-01-22-82,1.00001
19,2016-01-22-58,2.14769
33,2016-01-22-94,1.00019
52,2016-01-22-46,1.0
56,2016-01-22-58,1.00054
54,2016-01-22-106,1.00032
10,2016-01-22-46,1.00054
46,2016-01-22-130,4.44091
21,2016-01-22-130,1.89005
54,2016-01-22-142,1.00019
49,2016-01-22-106,1.00079
13,2016-01-22-106,1.00054
16,2016-01-22-58,2.75573
44,2016-01-22-94,1.00054
62,2016-01-22-46,1.00032
62,2016-01-22-118,1.00004
62,2016-01-22-70,1.00054
5,2016-01-22-46,1.00079
34,2016-01-22-82,1.0
5,2016-01-22-94,1.00019
51,2016-01-22-118,40.3598
39,2016-01-22-94,1.00032
60,2016-01-22-130,1.07466
42,2016-01-22-142,24.9379
39,2016-01-22-106,1.00079
20,2016-01-22-46,2.99483
4,2016-01-22-142,1.0
31,2016-01-22-94,1.00004
65,2016-01-22-82,1.0
38,2016-01-22-94,1.00032
23,2016-01-22-142,8.37494
5,2016-01-22-82,1.0
52,2016-01-22-142,1.0
66,2016-01-22-94,1.0
26,2016-01-22-70,1.87729
64,2016-01-22-106,1.0
11,2016-01-22-70,1.00032
57,2016-01-22-46,1.0
43,2016-01-22-58,1.00019
65,2016-01-22-94,1.00079
15,2016-01-22-58,1.0
63,2016-01-22-58,1.00019
6,2016-01-22-94,1.07466
30,2016-01-22-58,1.00004
15,2016-01-22-118,1.10097
7,2016-01-22-106,86.4746
58,2016-01-22-70,1.00054
63,2016-01-22-82,1.0
36,2016-01-22-118,1.00029
40,2016-01-22-70,1.00032
3,2016-01-22-118,1.00001
55,2016-01-22-130,1.0
53,2016-01-22-94,1.0
33,2016-01-22-142,1.0
38,2016-01-22-118,1.0
18,2016-01-22-142,1.07466
62,2016-01-22-106,1.00032
8,2016-01-22-46,85.1057
53,2016-01-22-142,1.0
11,2016-01-22-58,1.00054
13,2016-01-22-46,1.00054
20,2016-01-22-130,2.94519
2,2016-01-22-142,1.0613
15,2016-01-22-130,1.0
42,2016-01-22-118,1.83427
1,2016-01-22-46,2.81099
18,2016-01-22-58,1.32407
24,2016-01-22-118,2.23065
41,2016-01-22-94,1.00032
6,2016-01-22-70,5.78832
4,2016-01-22-58,52.2047
54,2016-01-22-118,1.00032
65,2016-01-22-46,1.0
21,2016-01-22-46,1.4368
46,2016-01-22-58,56.3351
18,2016-01-22-118,1.0
52,2016-01-22-130,1.0
34,2016-01-22-58,1.0
38,2016-01-22-142,1.0
55,2016-01-22-106,1.00079
58,2016-01-22-118,1.00019
32,2016-01-22-94,1.00048
65,2016-01-22-70,1.0
49,2016-01-22-130,1.00032
49,2016-01-22-70,1.00001
6,2016-01-22-58,21.1525
32,2016-01-22-46,1.0
1,2016-01-22-142,2.86233
15,2016-01-22-46,1.0
31,2016-01-22-82,1.00032
19,2016-01-22-118,1.06646
43,2016-01-22-130,1.00026
44,2016-01-22-142,1.0
3,2016-01-22-70,1.01809
48,2016-01-22-82,7.25796
8,2016-01-22-58,68.4399
11,2016-01-22-142,1.0
29,2016-01-22-46,3.1127
42,2016-01-22-58,2.79956
46,2016-01-22-82,2.96162
39,2016-01-22-118,1.00023
19,2016-01-22-130,1.73267
18,2016-01-22-82,1.18666
46,2016-01-22-142,1.6863
21,2016-01-22-118,1.68703
1,2016-01-22-130,5.23211
13,2016-01-22-58,2.01481
20,2016-01-22-94,1.68718
44,2016-01-22-46,1.0
52,2016-01-22-106,1.00019
51,2016-01-22-82,12.1874
30,2016-01-22-94,1.0
24,2016-01-22-58,69.1705
62,2016-01-22-82,1.0
57,2016-01-22-142,1.0
51,2016-01-22-70,13.9219
12,2016-01-22-118,2.61946
36,2016-01-22-94,1.00032
60,2016-01-22-118,1.00054
46,2016-01-22-106,7.00697
47,2016-01-22-130,1.00023
9,2016-01-22-130,1.01224
54,2016-01-22-94,1.00019
56,2016-01-22-118,1.00079
50,2016-01-22-106,1.0
36,2016-01-22-142,1.00054
49,2016-01-22-94,1.00032
26,2016-01-22-94,4.87457
50,2016-01-22-82,1.00079
52,2016-01-22-70,1.00019
6,2016-01-22-118,1.00048
10,2016-01-22-106,1.0
47,2016-01-22-142,1.0
20,2016-01-22-106,5.65753
28,2016-01-22-106,12.7321
51,2016-01-22-106,82.4811
48,2016-01-22-46,10.9222
57,2016-01-22-58,1.6442
63,2016-01-22-70,1.0
59,2016-01-22-94,1.00019
39,2016-01-22-130,2.14316
55,2016-01-22-70,1.00032
31,2016-01-22-58,1.19853
46,2016-01-22-118,4.38285
24,2016-01-22-94,8.54719
10,2016-01-22-94,1.00029
40,2016-01-22-94,1.00019
23,2016-01-22-58,60.9795
18,2016-01-22-130,1.0
28,2016-01-22-58,5.01374
4,2016-01-22-118,7.69295
64,2016-01-22-118,1.0
59,2016-01-22-46,1.44752
17,2016-01-22-130,1.00019
34,2016-01-22-94,1.00054
66,2016-01-22-70,1.0
51,2016-01-22-58,11.0132
47,2016-01-22-46,1.00032
5,2016-01-22-58,1.07466
51,2016-01-22-130,90.6399
23,2016-01-22-46,42.3864
8,2016-01-22-142,6.66612
52,2016-01-22-118,1.00079
55,2016-01-22-142,1.0
43,2016-01-22-142,1.0
35,2016-01-22-118,5.54637
2,2016-01-22-106,1.01407
52,2016-01-22-58,1.00032
12,2016-01-22-82,2.06311
8,2016-01-22-106,70.1541
42,2016-01-22-106,3.77028
23,2016-01-22-82,22.3963
12,2016-01-22-106,2.96642
49,2016-01-22-82,1.0
35,2016-01-22-94,1.00004
27,2016-01-22-130,2.28853
25,2016-01-22-130,1.0
20,2016-01-22-70,1.57995
57,2016-01-22-94,1.00085
35,2016-01-22-70,1.0
50,2016-01-22-94,1.00032
7,2016-01-22-70,3.55223
37,2016-01-22-106,78.56
3,2016-01-22-130,1.0
26,2016-01-22-82,7.50308
60,2016-01-22-58,1.0
15,2016-01-22-94,1.00019
45,2016-01-22-58,1.0
13,2016-01-22-130,1.00019
63,2016-01-22-46,1.00054
53,2016-01-22-58,8.04931
25,2016-01-22-58,28.0204
9,2016-01-22-70,1.00054
44,2016-01-22-70,1.0
31,2016-01-22-46,1.82855
17,2016-01-22-142,1.0
59,2016-01-22-106,1.0
10,2016-01-22-70,1.00054
1,2016-01-22-118,5.0633
7,2016-01-22-130,70.3818
4,2016-01-22-82,6.809
50,2016-01-22-142,1.0
19,2016-01-22-106,2.11714
7,2016-01-22-142,4.66915
15,2016-01-22-82,1.00019
57,2016-01-22-82,1.0
39,2016-01-22-70,1.0
39,2016-01-22-142,1.0
54,2016-01-22-58,1.00026
39,2016-01-22-82,1.00019
25,2016-01-22-94,1.00026
11,2016-01-22-130,1.00001
37,2016-01-22-70,16.2232
38,2016-01-22-58,2.36299
21,2016-01-22-70,1.00195
29,2016-01-22-118,1.00048
5,2016-01-22-118,1.0
29,2016-01-22-70,4.5053
30,2016-01-22-46,1.0
17,2016-01-22-82,1.0
28,2016-01-22-118,10.58
12,2016-01-22-94,2.07348
61,2016-01-22-106,1.00019
14,2016-01-22-70,2.17017
12,2016-01-22-58,3.13746
21,2016-01-22-58,2.18744
22,2016-01-22-46,3.34244
16,2016-01-22-106,1.00019
16,2016-01-22-142,1.00054
7,2016-01-22-58,4.55484
19,2016-01-22-46,1.10661
44,2016-01-22-106,1.00001
48,2016-01-22-130,80.071
63,2016-01-22-118,1.0
59,2016-01-22-70,1.0
48,2016-01-22-94,65.048
5,2016-01-22-70,1.00019
33,2016-01-22-70,1.07495
32,2016-01-22-118,1.00019
27,2016-01-22-70,6.52689
17,2016-01-22-46,1.00079
27,2016-01-22-94,6.35834
17,2016-01-22-94,1.00047
47,2016-01-22-106,1.00023
61,2016-01-22-130,1.0
48,2016-01-22-106,84.7059
22,2016-01-22-130,10.0653
59,2016-01-22-118,1.00019
36,2016-01-22-106,1.07141
29,2016-01-22-58,2.35701
45,2016-01-22-118,1.0
1,2016-01-22-82,2.24567
61,2016-01-22-94,1.0
30,2016-01-22-82,1.0
29,2016-01-22-142,1.00023
41,2016-01-22-130,1.00048
9,2016-01-22-118,1.08686
13,2016-01-22-142,1.0
18,2016-01-22-70,1.0
10,2016-01-22-118,1.0
59,2016-01-22-130,1.07501
34,2016-01-22-106,1.00079
2,2016-01-22-70,1.0
3,2016-01-22-142,1.00048
61,2016-01-22-58,1.00019
34,2016-01-22-130,1.0
17,2016-01-22-70,1.0
17,2016-01-22-58,1.00001
64,2016-01-22-94,1.0
65,2016-01-22-118,1.0
27,2016-01-22-142,2.70141
24,2016-01-22-106,2.77185
23,2016-01-22-70,34.6471
16,2016-01-22-82,1.08899
63,2016-01-22-130,1.0
22,2016-01-22-58,6.94144
45,2016-01-22-82,2.41868
66,2016-01-22-46,1.0
47,2016-01-22-70,3.79447
33,2016-01-22-106,1.0
8,2016-01-22-70,30.2021
55,2016-01-22-82,1.0
31,2016-01-22-70,1.97158
60,2016-01-22-46,1.00019
60,2016-01-22-142,1.0
21,2016-01-22-106,1.80961
12,2016-01-22-70,1.84968
62,2016-01-22-94,1.0
11,2016-01-22-106,1.03268
18,2016-01-22-106,1.07501
4,2016-01-22-46,2.11717
29,2016-01-22-82,1.78017
58,2016-01-22-94,1.0
58,2016-01-22-82,1.82218
58,2016-01-22-106,1.0
9,2016-01-22-58,1.45717
35,2016-01-22-106,5.77531
62,2016-01-22-142,1.00032
12,2016-01-22-142,7.15233
56,2016-01-22-82,1.0
26,2016-01-22-142,1.07466
43,2016-01-22-94,1.00001
20,2016-01-22-58,1.0
64,2016-01-22-46,1.0
56,2016-01-22-46,1.0
3,2016-01-22-82,1.00032
23,2016-01-22-130,64.2587
35,2016-01-22-142,1.00032
64,2016-01-22-70,1.0
13,2016-01-22-94,1.0
25,2016-01-22-70,1.71818
65,2016-01-22-106,1.00019
12,2016-01-22-130,3.48076
23,2016-01-22-94,20.1597
25,2016-01-22-118,1.11719
38,2016-01-22-106,1.00054
48,2016-01-22-58,2.81338
6,2016-01-22-130,1.00079
60,2016-01-22-106,1.0
3,2016-01-22-94,1.00054
27,2016-01-22-106,5.53049
14,2016-01-22-106,33.9523
36,2016-01-22-82,1.00032
52,2016-01-22-82,1.0
22,2016-01-22-70,8.70239
34,2016-01-22-142,1.00054
18,2016-01-22-46,1.00019
37,2016-01-22-58,87.7813
43,2016-01-22-118,1.00004
42,2016-01-22-94,1.7873
14,2016-01-22-46,34.0641
27,2016-01-22-46,6.73829
56,2016-01-22-142,1.00054
2,2016-01-22-118,1.01623
41,2016-01-22-142,1.00019
60,2016-01-22-70,1.00054
31,2016-01-22-106,1.07495
33,2016-01-22-82,1.26348
47,2016-01-22-82,5.04829
21,2016-01-22-82,2.27808
15,2016-01-22-106,1.0
66,2016-01-22-82,1.0
59,2016-01-22-82,1.00019
45,2016-01-22-70,1.0
14,2016-01-22-130,7.11244
63,2016-01-22-142,1.0
19,2016-01-22-70,1.11784
3,2016-01-22-46,1.0
24,2016-01-22-46,12.2049
43,2016-01-22-82,1.00048
30,2016-01-22-106,1.0
33,2016-01-22-58,1.00048
53,2016-01-22-46,1.0
66,2016-01-22-130,1.0
31,2016-01-22-118,1.08012
4,2016-01-22-70,2.91908
53,2016-01-22-130,1.00032
44,2016-01-22-130,1.00019
51,2016-01-22-94,37.79
26,2016-01-22-118,61.9618
6,2016-01-22-106,1.00019
22,2016-01-22-142,9.86607
7,2016-01-22-46,15.9702
64,2016-01-22-142,1.0
65,2016-01-22-130,1.00019
33,2016-01-22-46,1.00032
42,2016-01-22-70,6.86145
41,2016-01-22-58,3.64502
42,2016-01-22-130,1.89434
28,2016-01-22-70,2.82318
55,2016-01-22-118,1.0
39,2016-01-22-58,1.00001
2,2016-01-22-130,1.0197
9,2016-01-22-94,1.03179
34,2016-01-22-46,1.00019
34,2016-01-22-70,1.07466
28,2016-01-22-94,1.71361
59,2016-01-22-142,1.00019
7,2016-01-22-82,36.1309
32,2016-01-22-142,1.0
66,2016-01-22-142,1.00175
14,2016-01-22-82,3.01272
42,2016-01-22-82,1.59049
9,2016-01-22-106,1.04886
16,2016-01-22-118,1.00054
5,2016-01-22-106,1.00079
5,2016-01-22-130,1.00019
53,2016-01-22-70,1.91696
41,2016-01-22-70,1.93393
14,2016-01-22-58,4.05952
8,2016-01-22-94,64.7874
66,2016-01-22-118,1.0
61,2016-01-22-70,1.0
10,2016-01-22-58,3.21227
32,2016-01-22-130,1.00019
56,2016-01-22-70,1.00032
43,2016-01-22-106,1.23914
36,2016-01-22-46,1.01253
2,2016-01-22-82,1.0
49,2016-01-22-142,1.0
39,2016-01-22-46,1.00023
45,2016-01-22-142,1.00079
27,2016-01-22-58,7.3953
45,2016-01-22-106,1.0
30,2016-01-22-142,1.00054
53,2016-01-22-106,2.93577
32,2016-01-22-58,1.00019
46,2016-01-22-46,19.7851
40,2016-01-22-130,1.0
38,2016-01-22-46,1.00032
46,2016-01-22-94,2.58014
50,2016-01-22-46,1.0
33,2016-01-22-130,1.00032
24,2016-01-22-130,2.24474
37,2016-01-22-118,4.75774
8,2016-01-22-130,67.0649
4,2016-01-22-94,3.60884
26,2016-01-22-106,14.7407
15,2016-01-22-70,1.0
38,2016-01-22-130,1.2467
2,2016-01-22-46,1.00054
30,2016-01-22-70,1.00019
36,2016-01-22-70,1.00032
49,2016-01-22-58,1.00023
40,2016-01-22-106,1.00001
58,2016-01-22-46,1.0
53,2016-01-22-82,1.0
27,2016-01-22-118,4.33936
14,2016-01-22-142,2.59098
30,2016-01-22-130,1.00026
10,2016-01-22-142,1.00032
43,2016-01-22-46,1.0
25,2016-01-22-82,1.14239
49,2016-01-22-118,1.0
3,2016-01-22-106,1.07836
47,2016-01-22-118,1.0
25,2016-01-22-106,1.12073
43,2016-01-22-70,1.0
6,2016-01-22-46,1.29502
64,2016-01-22-58,1.0
52,2016-01-22-94,1.0
6,2016-01-22-82,5.02852
58,2016-01-22-142,1.00019
28,2016-01-22-82,2.9856
4,2016-01-22-130,2.46541
47,2016-01-22-58,1.65116
11,2016-01-22-82,1.03076
44,2016-01-22-82,1.0
26,2016-01-22-130,1.25833
15,2016-01-22-142,1.0
57,2016-01-22-70,1.00079
45,2016-01-22-130,1.00054
12,2016-01-22-46,4.22985
54,2016-01-22-70,1.0
16,2016-01-22-94,1.00032
10,2016-01-22-82,1.00004
9,2016-01-22-46,1.00019
44,2016-01-22-118,1.0
20,2016-01-22-142,1.15723
32,2016-01-22-70,1.00054
60,2016-01-22-94,1.0
37,2016-01-22-94,30.1715
37,2016-01-22-82,44.9327
35,2016-01-22-82,2.96155
54,2016-01-22-46,1.0
63,2016-01-22-106,1.71431
20,2016-01-22-82,2.11441
41,2016-01-22-46,1.0
30,2016-01-22-118,1.0
50,2016-01-22-70,1.00032
17,2016-01-22-118,1.00019
50,2016-01-22-58,1.0
21,2016-01-22-142,1.0
28,2016-01-22-142,5.73284
57,2016-01-22-106,1.00054
41,2016-01-22-106,1.00054
14,2016-01-22-118,2.26428
27,2016-01-22-82,10.1143
24,2016-01-22-142,1.12548
40,2016-01-22-46,1.00019
28,2016-01-22-46,4.01376
65,2016-01-22-58,1.07501
19,2016-01-22-94,1.0
32,2016-01-22-82,1.0
36,2016-01-22-58,1.02314
57,2016-01-22-118,1.0
56,2016-01-22-106,1.00019
3,2016-01-22-58,1.0
48,2016-01-22-142,16.3013
10,2016-01-22-130,1.0
45,2016-01-22-94,1.00023
29,2016-01-22-130,1.00023
24,2016-01-22-82,33.9508
36,2016-01-22-130,1.0
14,2016-01-22-94,4.15447
40,2016-01-22-142,1.00004
56,2016-01-22-94,1.00019
62,2016-01-22-58,1.00019
41,2016-01-22-118,1.00019
61,2016-01-22-82,1.00054
51,2016-01-22-46,14.4268
19,2016-01-22-142,1.02673
21,2016-01-22-94,1.16773
38,2016-01-22-70,1.48043
66,2016-01-22-106,1.00144
58,2016-01-22-130,1.00054
25,2016-01-22-46,1.0
1,2016-01-24-58,2.42054
41,2016-01-24-82,1.0
19,2016-01-24-82,1.50589
23,2016-01-24-118,8.27161
16,2016-01-24-70,1.07501
37,2016-01-24-142,1.16831
64,2016-01-24-130,1.0
2,2016-01-24-58,1.0
13,2016-01-24-70,1.03397
7,2016-01-24-118,5.80119
35,2016-01-24-130,1.00079
50,2016-01-24-118,1.0
24,2016-01-24-70,49.8765
50,2016-01-24-130,1.00032
22,2016-01-24-94,6.85591
22,2016-01-24-118,13.8366
8,2016-01-24-82,33.6857
54,2016-01-24-82,1.00032
29,2016-01-24-106,1.17802
11,2016-01-24-118,1.02431
5,2016-01-24-142,1.00019
32,2016-01-24-106,1.00032
57,2016-01-24-130,1.0
40,2016-01-24-118,1.00026
56,2016-01-24-130,1.69762
18,2016-01-24-94,1.0
1,2016-01-24-106,7.91605
22,2016-01-24-82,6.5456
23,2016-01-24-106,10.0542
28,2016-01-24-130,11.4375
55,2016-01-24-58,1.0
61,2016-01-24-118,1.00048
7,2016-01-24-94,5.85237
54,2016-01-24-130,1.0
63,2016-01-24-94,1.0
31,2016-01-24-130,1.00032
22,2016-01-24-106,13.3087
61,2016-01-24-142,1.0
11,2016-01-24-94,1.00048
26,2016-01-24-58,1.05457
20,2016-01-24-118,1.87004
33,2016-01-24-118,1.00019
13,2016-01-24-118,1.0
1,2016-01-24-94,3.35647
37,2016-01-24-130,5.25302
2,2016-01-24-94,1.0
17,2016-01-24-106,1.0
62,2016-01-24-130,1.07495
58,2016-01-24-58,1.23806
40,2016-01-24-58,1.00001
1,2016-01-24-70,2.73027
51,2016-01-24-142,15.1983
48,2016-01-24-118,6.26213
34,2016-01-24-118,1.0
53,2016-01-24-118,1.00026
55,2016-01-24-94,1.0
13,2016-01-24-82,1.00032
31,2016-01-24-142,1.73319
64,2016-01-24-82,1.00143
25,2016-01-24-142,1.0
47,2016-01-24-94,1.00032
29,2016-01-24-94,1.00026
48,2016-01-24-70,2.5588
9,2016-01-24-82,1.00032
65,2016-01-24-142,1.0
59,2016-01-24-58,1.00019
66,2016-01-24-58,1.0
44,2016-01-24-58,1.0
46,2016-01-24-70,69.5461
8,2016-01-24-118,9.3294
38,2016-01-24-82,1.06379
16,2016-01-24-130,1.00019
9,2016-01-24-142,1.00032
60,2016-01-24-82,1.00019
35,2016-01-24-58,1.0
6,2016-01-24-142,1.00054
4,2016-01-24-106,1.6896
40,2016-01-24-82,1.00001
19,2016-01-24-58,1.02052
33,2016-01-24-94,1.00019
56,2016-01-24-58,1.0
54,2016-01-24-106,1.01576
46,2016-01-24-130,3.64021
21,2016-01-24-130,1.20243
54,2016-01-24-142,1.00032
49,2016-01-24-106,1.0
13,2016-01-24-106,1.00032
16,2016-01-24-58,1.0
44,2016-01-24-94,1.0
62,2016-01-24-118,1.0
62,2016-01-24-70,1.07466
34,2016-01-24-82,1.07466
5,2016-01-24-94,1.00032
51,2016-01-24-118,24.5095
39,2016-01-24-94,1.0
60,2016-01-24-130,1.0
42,2016-01-24-142,1.05694
39,2016-01-24-106,1.0
4,2016-01-24-142,1.0
31,2016-01-24-94,1.0
65,2016-01-24-82,1.00019
38,2016-01-24-94,1.00026
23,2016-01-24-142,5.11192
5,2016-01-24-82,1.0
52,2016-01-24-142,1.0
66,2016-01-24-94,1.0
26,2016-01-24-70,15.62
64,2016-01-24-106,1.0
11,2016-01-24-70,1.00184
43,2016-01-24-58,1.00054
65,2016-01-24-94,1.0
15,2016-01-24-58,1.0
63,2016-01-24-58,1.0
6,2016-01-24-94,1.0
30,2016-01-24-58,1.0
15,2016-01-24-118,1.0
7,2016-01-24-106,9.39999
58,2016-01-24-70,1.03431
63,2016-01-24-82,1.00032
36,2016-01-24-118,1.00019
40,2016-01-24-70,1.0
3,2016-01-24-118,1.00019
55,2016-01-24-130,1.0
53,2016-01-24-94,1.0
33,2016-01-24-142,1.00032
38,2016-01-24-118,1.0
18,2016-01-24-142,1.94005
62,2016-01-24-106,1.53083
53,2016-01-24-142,1.00032
11,2016-01-24-58,1.00001
20,2016-01-24-130,2.05002
2,2016-01-24-142,1.00085
15,2016-01-24-130,1.0
42,2016-01-24-118,1.68691
18,2016-01-24-58,1.0
24,2016-01-24-118,3.71339
41,2016-01-24-94,1.00054
6,2016-01-24-70,2.32442
4,2016-01-24-58,1.18568
54,2016-01-24-118,1.00019
46,2016-01-24-58,38.2461
18,2016-01-24-118,1.00019
52,2016-01-24-130,1.0
34,2016-01-24-58,1.00001
38,2016-01-24-142,1.00019
55,2016-01-24-106,1.0
58,2016-01-24-118,1.0
32,2016-01-24-94,1.0
65,2016-01-24-70,1.00032
49,2016-01-24-130,1.00026
49,2016-01-24-70,1.0
6,2016-01-24-58,6.36425
1,2016-01-24-142,2.33177
31,2016-01-24-82,1.17947
19,2016-01-24-118,1.11884
43,2016-01-24-130,1.3857
44,2016-01-24-142,1.00019
3,2016-01-24-70,1.00026
48,2016-01-24-82,9.89909
8,2016-01-24-58,28.9598
11,2016-01-24-142,1.0
42,2016-01-24-58,4.30535
46,2016-01-24-82,15.401
39,2016-01-24-118,1.00019
19,2016-01-24-130,1.45524
18,2016-01-24-82,1.00032
46,2016-01-24-142,1.05543
21,2016-01-24-118,1.69131
1,2016-01-24-130,3.22017
13,2016-01-24-58,1.00023
20,2016-01-24-94,2.34155
52,2016-01-24-106,1.0
51,2016-01-24-82,14.2748
30,2016-01-24-94,1.0
24,2016-01-24-58,46.8122
62,2016-01-24-82,1.07478
57,2016-01-24-142,1.0
51,2016-01-24-70,11.124
12,2016-01-24-118,3.10824
36,2016-01-24-94,1.00004
60,2016-01-24-118,1.0
46,2016-01-24-106,2.98338
47,2016-01-24-130,1.00054
9,2016-01-24-130,1.14964
54,2016-01-24-94,1.00054
56,2016-01-24-118,1.07495
50,2016-01-24-106,1.00019
36,2016-01-24-142,1.0
49,2016-01-24-94,1.0
26,2016-01-24-94,1.05658
50,2016-01-24-82,1.0
52,2016-01-24-70,1.00079
6,2016-01-24-118,1.00019
10,2016-01-24-106,1.00054
47,2016-01-24-142,1.00023
20,2016-01-24-106,2.96081
28,2016-01-24-106,6.29073
51,2016-01-24-106,32.101
57,2016-01-24-58,1.0
63,2016-01-24-70,1.0
59,2016-01-24-94,1.00019
39,2016-01-24-130,1.9971
55,2016-01-24-70,1.00032
31,2016-01-24-58,2.80678
46,2016-01-24-118,1.67764
24,2016-01-24-94,1.9005
10,2016-01-24-94,1.00029
40,2016-01-24-94,1.00019
23,2016-01-24-58,30.1396
18,2016-01-24-130,1.00004
28,2016-01-24-58,3.11176
4,2016-01-24-118,2.24819
64,2016-01-24-118,1.00175
17,2016-01-24-130,1.00032
34,2016-01-24-94,1.0
66,2016-01-24-70,1.0
51,2016-01-24-58,7.75752
5,2016-01-24-58,1.0
51,2016-01-24-130,80.5467
8,2016-01-24-142,3.36146
52,2016-01-24-118,1.00054
55,2016-01-24-142,1.07495
43,2016-01-24-142,1.00032
35,2016-01-24-118,1.00047
2,2016-01-24-106,1.0
52,2016-01-24-58,1.0
12,2016-01-24-82,2.09027
8,2016-01-24-106,8.84449
42,2016-01-24-106,4.29725
23,2016-01-24-82,20.9912
12,2016-01-24-106,3.43452
49,2016-01-24-82,1.00019
35,2016-01-24-94,1.0
27,2016-01-24-130,3.1962
25,2016-01-24-130,1.0
20,2016-01-24-70,8.65139
57,2016-01-24-94,1.0
35,2016-01-24-70,1.00001
50,2016-01-24-94,1.0
7,2016-01-24-70,10.6956
37,2016-01-24-106,3.87704
3,2016-01-24-130,1.0
26,2016-01-24-82,2.99766
60,2016-01-24-58,1.0
15,2016-01-24-94,1.00019
45,2016-01-24-58,1.00019
13,2016-01-24-130,1.00001
53,2016-01-24-58,1.00004
25,2016-01-24-58,1.00079
9,2016-01-24-70,1.4291
44,2016-01-24-70,1.0
17,2016-01-24-142,1.00054
59,2016-01-24-106,1.0
10,2016-01-24-70,1.0
1,2016-01-24-118,3.82338
7,2016-01-24-130,7.75458
4,2016-01-24-82,3.82374
50,2016-01-24-142,1.0
19,2016-01-24-106,1.66792
7,2016-01-24-142,2.96579
15,2016-01-24-82,1.0
57,2016-01-24-82,1.0
39,2016-01-24-70,1.0
39,2016-01-24-142,1.00026
54,2016-01-24-58,1.0
39,2016-01-24-82,1.0
25,2016-01-24-94,1.0
11,2016-01-24-130,1.03127
37,2016-01-24-70,78.3941
38,2016-01-24-58,1.07466
21,2016-01-24-70,1.25078
29,2016-01-24-118,1.17913
5,2016-01-24-118,1.0
29,2016-01-24-70,4.46954
17,2016-01-24-82,1.0
28,2016-01-24-118,5.91363
12,2016-01-24-94,3.54283
61,2016-01-24-106,1.00019
14,2016-01-24-70,13.7051
12,2016-01-24-58,1.92842
21,2016-01-24-58,1.01699
16,2016-01-24-106,1.00004
16,2016-01-24-142,1.00019
7,2016-01-24-58,12.2023
44,2016-01-24-106,1.00032
48,2016-01-24-130,23.3115
63,2016-01-24-118,1.07495
59,2016-01-24-70,1.00023
48,2016-01-24-94,13.7286
5,2016-01-24-70,1.00001
33,2016-01-24-70,1.00029
32,2016-01-24-118,1.00054
27,2016-01-24-70,10.4537
27,2016-01-24-94,6.86246
17,2016-01-24-94,1.0
47,2016-01-24-106,1.00026
61,2016-01-24-130,1.00054
48,2016-01-24-106,51.4829
22,2016-01-24-130,9.76822
59,2016-01-24-118,1.0
36,2016-01-24-106,1.00079
29,2016-01-24-58,2.55579
45,2016-01-24-118,1.0
1,2016-01-24-82,2.59938
61,2016-01-24-94,1.00079
30,2016-01-24-82,1.0
29,2016-01-24-142,1.00032
41,2016-01-24-130,1.34405
9,2016-01-24-118,1.09762
13,2016-01-24-142,1.00048
18,2016-01-24-70,1.07495
10,2016-01-24-118,1.0
59,2016-01-24-130,1.00019
34,2016-01-24-106,1.00032
2,2016-01-24-70,1.0
3,2016-01-24-142,1.00032
61,2016-01-24-58,1.00048
34,2016-01-24-130,1.0
17,2016-01-24-70,1.00001
17,2016-01-24-58,1.0
64,2016-01-24-94,1.00175
65,2016-01-24-118,1.07466
27,2016-01-24-142,3.41667
24,2016-01-24-106,2.15838
23,2016-01-24-70,32.7983
16,2016-01-24-82,1.0
63,2016-01-24-130,1.0
22,2016-01-24-58,6.18489
45,2016-01-24-82,1.68099
47,2016-01-24-70,1.07384
33,2016-01-24-106,1.0
8,2016-01-24-70,62.9536
55,2016-01-24-82,1.0
31,2016-01-24-70,1.08387
60,2016-01-24-142,1.0
21,2016-01-24-106,2.16551
12,2016-01-24-70,3.744
62,2016-01-24-94,1.0
11,2016-01-24-106,1.00048
18,2016-01-24-106,1.00019
29,2016-01-24-82,2.5606
58,2016-01-24-94,1.07466
58,2016-01-24-82,1.00001
58,2016-01-24-106,1.0
9,2016-01-24-58,1.00004
35,2016-01-24-106,1.00032
62,2016-01-24-142,1.00054
12,2016-01-24-142,2.35443
56,2016-01-24-82,1.0
26,2016-01-24-142,1.0
43,2016-01-24-94,1.00048
20,2016-01-24-58,1.89677
3,2016-01-24-82,1.0
23,2016-01-24-130,72.1507
35,2016-01-24-142,1.00048
64,2016-01-24-70,1.0
13,2016-01-24-94,1.00079
25,2016-01-24-70,1.00686
65,2016-01-24-106,1.0
12,2016-01-24-130,5.97973
23,2016-01-24-94,10.0666
25,2016-01-24-118,1.34773
38,2016-01-24-106,1.0
48,2016-01-24-58,1.45255
6,2016-01-24-130,1.0
60,2016-01-24-106,1.0
3,2016-01-24-94,1.00019
27,2016-01-24-106,5.99392
14,2016-01-24-106,1.69888
36,2016-01-24-82,1.00019
52,2016-01-24-82,1.00023
22,2016-01-24-70,8.52159
34,2016-01-24-142,1.0
37,2016-01-24-58,19.2826
43,2016-01-24-118,1.0
42,2016-01-24-94,2.96088
56,2016-01-24-142,1.0
2,2016-01-24-118,1.0
41,2016-01-24-142,1.00019
60,2016-01-24-70,1.00032
31,2016-01-24-106,1.00001
33,2016-01-24-82,1.00054
47,2016-01-24-82,1.07478
21,2016-01-24-82,1.13316
15,2016-01-24-106,1.0
66,2016-01-24-82,1.0
59,2016-01-24-82,1.00001
45,2016-01-24-70,1.5048
14,2016-01-24-130,2.26091
63,2016-01-24-142,1.0
19,2016-01-24-70,1.25405
43,2016-01-24-82,1.00032
30,2016-01-24-106,1.0
33,2016-01-24-58,1.00032
66,2016-01-24-130,1.0
31,2016-01-24-118,1.07716
4,2016-01-24-70,2.20263
53,2016-01-24-130,1.00054
44,2016-01-24-130,1.0
51,2016-01-24-94,13.9317
26,2016-01-24-118,1.00019
6,2016-01-24-106,1.00032
22,2016-01-24-142,6.73385
64,2016-01-24-142,1.0
65,2016-01-24-130,1.0
42,2016-01-24-70,3.14572
41,2016-01-24-58,1.18078
42,2016-01-24-130,2.45724
28,2016-01-24-70,4.51746
55,2016-01-24-118,1.0
39,2016-01-24-58,1.0
2,2016-01-24-130,1.0
9,2016-01-24-94,1.00026
34,2016-01-24-70,1.07466
28,2016-01-24-94,2.15115
59,2016-01-24-142,1.00032
7,2016-01-24-82,11.3986
32,2016-01-24-142,1.0
66,2016-01-24-142,1.0
14,2016-01-24-82,3.42164
42,2016-01-24-82,1.94638
9,2016-01-24-106,1.02979
16,2016-01-24-118,1.00054
5,2016-01-24-106,1.0
5,2016-01-24-130,1.0
53,2016-01-24-70,1.0
41,2016-01-24-70,1.39849
14,2016-01-24-58,4.22376
8,2016-01-24-94,9.96286
66,2016-01-24-118,1.0
61,2016-01-24-70,1.0
10,2016-01-24-58,1.00023
32,2016-01-24-130,1.00032
56,2016-01-24-70,1.0
43,2016-01-24-106,1.00079
2,2016-01-24-82,1.0
49,2016-01-24-142,1.0
45,2016-01-24-142,1.0
27,2016-01-24-58,8.91437
45,2016-01-24-106,1.00019
30,2016-01-24-142,1.00079
53,2016-01-24-106,1.00032
32,2016-01-24-58,1.0
40,2016-01-24-130,1.51837
46,2016-01-24-94,2.04363
33,2016-01-24-130,1.00032
24,2016-01-24-130,4.39372
37,2016-01-24-118,3.17196
8,2016-01-24-130,30.8815
4,2016-01-24-94,1.71132
26,2016-01-24-106,1.00026
15,2016-01-24-70,1.0
38,2016-01-24-130,1.00048
30,2016-01-24-70,1.07495
36,2016-01-24-70,1.00019
49,2016-01-24-58,1.56296
40,2016-01-24-106,1.00032
53,2016-01-24-82,1.0
27,2016-01-24-118,4.41007
14,2016-01-24-142,2.19277
30,2016-01-24-130,1.00054
10,2016-01-24-142,1.0
25,2016-01-24-82,1.04471
49,2016-01-24-118,1.00032
3,2016-01-24-106,1.00032
47,2016-01-24-118,1.07466
25,2016-01-24-106,1.69096
43,2016-01-24-70,1.00019
64,2016-01-24-58,1.0
52,2016-01-24-94,1.0
6,2016-01-24-82,1.07478
58,2016-01-24-142,1.0
28,2016-01-24-82,5.93393
4,2016-01-24-130,6.59025
47,2016-01-24-58,1.09611
11,2016-01-24-82,1.03224
44,2016-01-24-82,1.0
26,2016-01-24-130,1.0
15,2016-01-24-142,1.0
57,2016-01-24-70,1.0
45,2016-01-24-130,1.00019
54,2016-01-24-70,1.00023
16,2016-01-24-94,1.00019
10,2016-01-24-82,1.00079
44,2016-01-24-118,1.0
20,2016-01-24-142,2.08698
32,2016-01-24-70,1.00047
60,2016-01-24-94,1.0
37,2016-01-24-94,5.0192
37,2016-01-24-82,25.0911
35,2016-01-24-82,1.00079
63,2016-01-24-106,1.0
20,2016-01-24-82,1.8952
30,2016-01-24-118,1.0
50,2016-01-24-70,1.0
17,2016-01-24-118,1.0
50,2016-01-24-58,1.00026
21,2016-01-24-142,1.00198
28,2016-01-24-142,5.76508
57,2016-01-24-106,1.0
41,2016-01-24-106,1.00019
14,2016-01-24-118,2.33695
27,2016-01-24-82,8.96596
24,2016-01-24-142,1.25734
65,2016-01-24-58,1.00032
19,2016-01-24-94,1.06758
32,2016-01-24-82,1.00048
36,2016-01-24-58,1.00054
57,2016-01-24-118,1.0
56,2016-01-24-106,1.0
3,2016-01-24-58,1.00029
48,2016-01-24-142,9.23957
10,2016-01-24-130,1.0
45,2016-01-24-94,1.00079
29,2016-01-24-130,1.07495
24,2016-01-24-82,8.10447
36,2016-01-24-130,1.00019
14,2016-01-24-94,3.14264
40,2016-01-24-142,1.00032
56,2016-01-24-94,1.00019
62,2016-01-24-58,1.00019
41,2016-01-24-118,1.0
61,2016-01-24-82,1.00079
19,2016-01-24-142,1.02673
21,2016-01-24-94,1.13905
38,2016-01-24-70,2.3075
66,2016-01-24-106,1.0
58,2016-01-24-130,1.0
1,2016-01-26-58,2.27787
41,2016-01-26-82,1.00029
19,2016-01-26-82,1.25317
23,2016-01-26-118,16.073
16,2016-01-26-70,1.0
37,2016-01-26-142,1.18104
16,2016-01-26-46,1.00023
64,2016-01-26-130,1.0
11,2016-01-26-46,1.0
2,2016-01-26-58,1.0
13,2016-01-26-70,1.63273
7,2016-01-26-118,39.2869
35,2016-01-26-130,1.07771
50,2016-01-26-118,1.0
24,2016-01-26-70,18.2186
50,2016-01-26-130,1.0
22,2016-01-26-94,15.1897
22,2016-01-26-118,14.6087
8,2016-01-26-82,69.6841
54,2016-01-26-82,1.0
29,2016-01-26-106,1.0
26,2016-01-26-46,5.78763
11,2016-01-26-118,1.0
5,2016-01-26-142,1.0
32,2016-01-26-106,1.00079
37,2016-01-26-46,49.8098
57,2016-01-26-130,1.0
40,2016-01-26-118,1.00054
56,2016-01-26-130,1.00032
18,2016-01-26-94,1.00032
55,2016-01-26-46,1.0
1,2016-01-26-106,3.10108
22,2016-01-26-82,7.65545
23,2016-01-26-106,72.1249
28,2016-01-26-130,14.6072
55,2016-01-26-58,1.00019
61,2016-01-26-118,1.0
7,2016-01-26-94,36.6228
54,2016-01-26-130,1.0
63,2016-01-26-94,1.07466
31,2016-01-26-130,1.00023
22,2016-01-26-106,14.1438
61,2016-01-26-142,1.00054
11,2016-01-26-94,1.00019
26,2016-01-26-58,11.8138
20,2016-01-26-118,4.84793
33,2016-01-26-118,1.00019
13,2016-01-26-118,1.0
1,2016-01-26-94,2.54723
37,2016-01-26-130,10.0603
2,2016-01-26-94,1.0
17,2016-01-26-106,1.00054
49,2016-01-26-46,1.0
62,2016-01-26-130,1.00001
58,2016-01-26-58,1.32236
40,2016-01-26-58,1.07466
1,2016-01-26-70,3.50238
51,2016-01-26-142,51.9852
48,2016-01-26-118,11.2006
34,2016-01-26-118,1.0
53,2016-01-26-118,1.00004
45,2016-01-26-46,1.0
55,2016-01-26-94,1.0
13,2016-01-26-82,1.0
31,2016-01-26-142,1.00032
64,2016-01-26-82,1.0
25,2016-01-26-142,1.0
47,2016-01-26-94,1.00004
29,2016-01-26-94,1.0
48,2016-01-26-70,15.1061
9,2016-01-26-82,1.45906
65,2016-01-26-142,1.0
59,2016-01-26-58,1.00032
66,2016-01-26-58,1.0
44,2016-01-26-58,1.00032
46,2016-01-26-70,21.5154
42,2016-01-26-46,3.48548
8,2016-01-26-118,13.9385
38,2016-01-26-82,1.07466
35,2016-01-26-46,1.0
16,2016-01-26-130,1.0
9,2016-01-26-142,1.00048
60,2016-01-26-82,1.0
61,2016-01-26-46,1.0
35,2016-01-26-58,1.97401
6,2016-01-26-142,1.00026
4,2016-01-26-106,1.21662
40,2016-01-26-82,2.21862
19,2016-01-26-58,1.38065
33,2016-01-26-94,1.0
52,2016-01-26-46,1.0
56,2016-01-26-58,1.00004
54,2016-01-26-106,1.15075
10,2016-01-26-46,1.00019
46,2016-01-26-130,3.15163
21,2016-01-26-130,1.54766
54,2016-01-26-142,1.0
49,2016-01-26-106,1.00019
13,2016-01-26-106,1.00019
16,2016-01-26-58,4.10431
44,2016-01-26-94,1.0
62,2016-01-26-46,1.0074
62,2016-01-26-118,1.0
62,2016-01-26-70,1.0
5,2016-01-26-46,1.00023
34,2016-01-26-82,1.0
5,2016-01-26-94,1.00019
51,2016-01-26-118,31.5157
39,2016-01-26-94,1.00019
60,2016-01-26-130,1.0
42,2016-01-26-142,1.01149
39,2016-01-26-106,1.00001
20,2016-01-26-46,2.70532
4,2016-01-26-142,1.0
31,2016-01-26-94,1.00032
65,2016-01-26-82,1.00026
38,2016-01-26-94,1.00001
23,2016-01-26-142,6.81892
5,2016-01-26-82,1.00001
52,2016-01-26-142,1.00079
66,2016-01-26-94,1.0
26,2016-01-26-70,1.52696
64,2016-01-26-106,1.00175
11,2016-01-26-70,1.62197
57,2016-01-26-46,1.0
43,2016-01-26-58,1.00001
65,2016-01-26-94,1.00079
15,2016-01-26-58,1.0
63,2016-01-26-58,1.0
6,2016-01-26-94,1.0
30,2016-01-26-58,1.00001
15,2016-01-26-118,1.0
7,2016-01-26-106,78.2819
58,2016-01-26-70,1.07501
63,2016-01-26-82,1.00048
36,2016-01-26-118,1.00019
40,2016-01-26-70,1.00026
3,2016-01-26-118,1.00048
55,2016-01-26-130,1.00019
53,2016-01-26-94,1.00079
33,2016-01-26-142,1.00032
38,2016-01-26-118,1.00032
18,2016-01-26-142,1.00001
62,2016-01-26-106,1.0
8,2016-01-26-46,92.9059
53,2016-01-26-142,1.00023
11,2016-01-26-58,1.80538
13,2016-01-26-46,1.03397
20,2016-01-26-130,5.95296
2,2016-01-26-142,1.0
15,2016-01-26-130,1.0
42,2016-01-26-118,1.55717
1,2016-01-26-46,4.74079
18,2016-01-26-58,1.00001
24,2016-01-26-118,1.60246
41,2016-01-26-94,1.00019
6,2016-01-26-70,1.12514
4,2016-01-26-58,53.7122
54,2016-01-26-118,1.00019
65,2016-01-26-46,1.00054
21,2016-01-26-46,1.67831
46,2016-01-26-58,58.7439
18,2016-01-26-118,1.00019
52,2016-01-26-130,1.00054
34,2016-01-26-58,1.00054
38,2016-01-26-142,1.0
55,2016-01-26-106,1.0
58,2016-01-26-118,1.0
32,2016-01-26-94,1.00001
65,2016-01-26-70,1.0
49,2016-01-26-130,1.00054
49,2016-01-26-70,1.00032
6,2016-01-26-58,19.5928
32,2016-01-26-46,1.50962
1,2016-01-26-142,2.24017
15,2016-01-26-46,1.0
31,2016-01-26-82,1.07501
19,2016-01-26-118,1.16303
43,2016-01-26-130,1.07501
44,2016-01-26-142,1.0
3,2016-01-26-70,1.00004
48,2016-01-26-82,65.3303
8,2016-01-26-58,68.9342
11,2016-01-26-142,1.00032
29,2016-01-26-46,1.93932
42,2016-01-26-58,1.78608
46,2016-01-26-82,19.3224
39,2016-01-26-118,1.00079
19,2016-01-26-130,1.41768
18,2016-01-26-82,1.07466
46,2016-01-26-142,1.06018
21,2016-01-26-118,1.25465
1,2016-01-26-130,5.18602
13,2016-01-26-58,9.54255
20,2016-01-26-94,2.46486
44,2016-01-26-46,6.11236
52,2016-01-26-106,1.00054
51,2016-01-26-82,44.7
30,2016-01-26-94,1.0
24,2016-01-26-58,64.6331
62,2016-01-26-82,1.00004
57,2016-01-26-142,1.0
51,2016-01-26-70,42.7342
12,2016-01-26-118,2.44863
36,2016-01-26-94,1.00048
60,2016-01-26-118,1.0
46,2016-01-26-106,3.48173
47,2016-01-26-130,1.00032
9,2016-01-26-130,1.05411
54,2016-01-26-94,1.0
56,2016-01-26-118,1.00001
50,2016-01-26-106,1.00054
36,2016-01-26-142,1.0
49,2016-01-26-94,1.0
26,2016-01-26-94,1.73458
50,2016-01-26-82,1.00001
52,2016-01-26-70,1.00054
6,2016-01-26-118,1.00054
10,2016-01-26-106,1.00026
47,2016-01-26-142,1.00054
20,2016-01-26-106,4.5405
28,2016-01-26-106,11.0206
51,2016-01-26-106,72.5304
48,2016-01-26-46,7.79524
57,2016-01-26-58,1.0
63,2016-01-26-70,1.0
59,2016-01-26-94,1.0
39,2016-01-26-130,1.00029
55,2016-01-26-70,1.0
31,2016-01-26-58,3.00614
46,2016-01-26-118,2.25102
24,2016-01-26-94,7.96849
10,2016-01-26-94,1.0
40,2016-01-26-94,1.00032
23,2016-01-26-58,71.7523
18,2016-01-26-130,1.0
28,2016-01-26-58,5.86026
4,2016-01-26-118,1.06685
64,2016-01-26-118,1.00079
59,2016-01-26-46,4.74657
17,2016-01-26-130,1.00019
34,2016-01-26-94,1.00048
66,2016-01-26-70,1.0
51,2016-01-26-58,20.8956
47,2016-01-26-46,1.00054
5,2016-01-26-58,1.00023
51,2016-01-26-130,74.5218
23,2016-01-26-46,79.3254
8,2016-01-26-142,6.99455
52,2016-01-26-118,1.00054
55,2016-01-26-142,1.00054
43,2016-01-26-142,1.00054
35,2016-01-26-118,2.87233
2,2016-01-26-106,1.03858
52,2016-01-26-58,1.0
12,2016-01-26-82,2.20042
8,2016-01-26-106,42.8123
42,2016-01-26-106,3.2049
23,2016-01-26-82,65.9167
12,2016-01-26-106,6.15336
49,2016-01-26-82,1.0
35,2016-01-26-94,1.00001
27,2016-01-26-130,7.99915
25,2016-01-26-130,1.00001
20,2016-01-26-70,5.2769
57,2016-01-26-94,1.0
35,2016-01-26-70,1.0
50,2016-01-26-94,1.0
7,2016-01-26-70,8.82281
37,2016-01-26-106,8.90276
3,2016-01-26-130,1.00001
26,2016-01-26-82,2.86301
60,2016-01-26-58,1.00019
15,2016-01-26-94,1.0
45,2016-01-26-58,1.00023
13,2016-01-26-130,1.00019
63,2016-01-26-46,1.00019
53,2016-01-26-58,3.51891
25,2016-01-26-58,25.0708
9,2016-01-26-70,2.52434
44,2016-01-26-70,1.00032
31,2016-01-26-46,1.90309
17,2016-01-26-142,1.0
59,2016-01-26-106,1.0
10,2016-01-26-70,1.00019
1,2016-01-26-118,3.55302
7,2016-01-26-130,48.5772
4,2016-01-26-82,5.51775
50,2016-01-26-142,1.00079
19,2016-01-26-106,1.702
7,2016-01-26-142,3.7038
15,2016-01-26-82,1.0
57,2016-01-26-82,1.0
39,2016-01-26-70,1.0
39,2016-01-26-142,1.00023
54,2016-01-26-58,1.00001
39,2016-01-26-82,1.20808
25,2016-01-26-94,1.03091
11,2016-01-26-130,1.00987
37,2016-01-26-70,37.5601
38,2016-01-26-58,2.61706
21,2016-01-26-70,1.03938
29,2016-01-26-118,1.0
5,2016-01-26-118,1.0
29,2016-01-26-70,3.60538
30,2016-01-26-46,1.0
17,2016-01-26-82,1.00054
28,2016-01-26-118,4.71404
12,2016-01-26-94,2.73875
61,2016-01-26-106,1.00019
14,2016-01-26-70,9.28823
12,2016-01-26-58,3.85311
21,2016-01-26-58,1.5389
22,2016-01-26-46,3.40664
16,2016-01-26-106,1.00019
16,2016-01-26-142,1.0
7,2016-01-26-58,15.04
19,2016-01-26-46,1.02647
44,2016-01-26-106,1.00019
48,2016-01-26-130,40.4128
63,2016-01-26-118,1.0
59,2016-01-26-70,1.00079
48,2016-01-26-94,64.1446
5,2016-01-26-70,1.00023
33,2016-01-26-70,1.0
32,2016-01-26-118,1.00019
27,2016-01-26-70,10.3657
17,2016-01-26-46,1.00048
27,2016-01-26-94,6.44623
17,2016-01-26-94,1.0
47,2016-01-26-106,1.00019
61,2016-01-26-130,1.0
48,2016-01-26-106,73.6316
22,2016-01-26-130,12.7869
59,2016-01-26-118,1.0
36,2016-01-26-106,1.1193
29,2016-01-26-58,3.17422
45,2016-01-26-118,1.00032
1,2016-01-26-82,2.40482
61,2016-01-26-94,1.00001
30,2016-01-26-82,1.00001
29,2016-01-26-142,1.00023
41,2016-01-26-130,1.00054
9,2016-01-26-118,1.08256
13,2016-01-26-142,1.00019
18,2016-01-26-70,1.00032
10,2016-01-26-118,1.00032
59,2016-01-26-130,1.0
34,2016-01-26-106,1.00029
2,2016-01-26-70,1.00047
3,2016-01-26-142,1.0
61,2016-01-26-58,1.0
34,2016-01-26-130,1.00001
17,2016-01-26-70,1.00001
17,2016-01-26-58,1.10181
64,2016-01-26-94,1.0
65,2016-01-26-118,1.00019
27,2016-01-26-142,2.97248
24,2016-01-26-106,1.88354
23,2016-01-26-70,66.4308
16,2016-01-26-82,1.00054
63,2016-01-26-130,1.0
22,2016-01-26-58,9.62269
45,2016-01-26-82,1.00054
66,2016-01-26-46,1.0
47,2016-01-26-70,2.45544
33,2016-01-26-106,1.0
8,2016-01-26-70,60.4115
55,2016-01-26-82,1.0
31,2016-01-26-70,1.55224
60,2016-01-26-46,1.0
60,2016-01-26-142,1.08542
21,2016-01-26-106,1.44114
12,2016-01-26-70,9.21386
62,2016-01-26-94,1.00019
11,2016-01-26-106,1.0
18,2016-01-26-106,1.21111
4,2016-01-26-46,2.67716
29,2016-01-26-82,4.99773
58,2016-01-26-94,1.00001
58,2016-01-26-82,1.0
58,2016-01-26-106,1.0
9,2016-01-26-58,12.9746
35,2016-01-26-106,1.08616
62,2016-01-26-142,1.00032
12,2016-01-26-142,3.35344
56,2016-01-26-82,1.0
26,2016-01-26-142,1.0104
43,2016-01-26-94,1.00004
20,2016-01-26-58,1.0
64,2016-01-26-46,1.00175
56,2016-01-26-46,1.00032
3,2016-01-26-82,1.00047
23,2016-01-26-130,25.4711
35,2016-01-26-142,1.0
64,2016-01-26-70,1.0
13,2016-01-26-94,1.00023
25,2016-01-26-70,1.00001
65,2016-01-26-106,1.00019
12,2016-01-26-130,3.64535
23,2016-01-26-94,69.7773
25,2016-01-26-118,1.1289
38,2016-01-26-106,1.0
48,2016-01-26-58,5.24591
6,2016-01-26-130,1.0
60,2016-01-26-106,1.00004
3,2016-01-26-94,1.00001
27,2016-01-26-106,6.9543
14,2016-01-26-106,19.887
36,2016-01-26-82,1.0
52,2016-01-26-82,1.00019
22,2016-01-26-70,7.90382
34,2016-01-26-142,1.00019
18,2016-01-26-46,1.00054
37,2016-01-26-58,81.7686
43,2016-01-26-118,1.00019
42,2016-01-26-94,2.8305
14,2016-01-26-46,29.7711
27,2016-01-26-46,8.00536
56,2016-01-26-142,1.0
2,2016-01-26-118,1.00079
41,2016-01-26-142,1.0
60,2016-01-26-70,1.00054
31,2016-01-26-106,1.00079
33,2016-01-26-82,1.07495
47,2016-01-26-82,1.00001
21,2016-01-26-82,1.01469
15,2016-01-26-106,1.00054
66,2016-01-26-82,1.0
59,2016-01-26-82,1.00032
45,2016-01-26-70,1.00032
14,2016-01-26-130,4.76723
63,2016-01-26-142,1.00054
19,2016-01-26-70,5.86432
3,2016-01-26-46,1.00019
24,2016-01-26-46,22.4885
43,2016-01-26-82,1.0
30,2016-01-26-106,1.27113
33,2016-01-26-58,1.6262
53,2016-01-26-46,1.00019
66,2016-01-26-130,1.0
31,2016-01-26-118,1.07466
4,2016-01-26-70,3.71529
53,2016-01-26-130,1.0
44,2016-01-26-130,1.0
51,2016-01-26-94,57.5361
26,2016-01-26-118,5.15113
6,2016-01-26-106,1.49734
22,2016-01-26-142,1.23962
7,2016-01-26-46,25.4222
64,2016-01-26-142,1.0
65,2016-01-26-130,1.0
33,2016-01-26-46,1.0
42,2016-01-26-70,19.0995
41,2016-01-26-58,2.93529
42,2016-01-26-130,1.98221
28,2016-01-26-70,8.48742
55,2016-01-26-118,1.0
39,2016-01-26-58,1.00032
2,2016-01-26-130,1.0
9,2016-01-26-94,1.9975
34,2016-01-26-46,1.00054
34,2016-01-26-70,1.0
28,2016-01-26-94,3.63074
59,2016-01-26-142,1.0
7,2016-01-26-82,37.9691
32,2016-01-26-142,1.00054
66,2016-01-26-142,1.0
14,2016-01-26-82,20.6099
42,2016-01-26-82,7.75442
9,2016-01-26-106,1.0
16,2016-01-26-118,1.00054
5,2016-01-26-106,1.00019
5,2016-01-26-130,1.0
53,2016-01-26-70,1.0
41,2016-01-26-70,1.56977
14,2016-01-26-58,34.9404
8,2016-01-26-94,71.1873
66,2016-01-26-118,1.0
61,2016-01-26-70,1.0
10,2016-01-26-58,1.07495
32,2016-01-26-130,1.00032
56,2016-01-26-70,1.0
43,2016-01-26-106,1.0
36,2016-01-26-46,1.00019
2,2016-01-26-82,1.0
49,2016-01-26-142,1.00054
39,2016-01-26-46,1.0
45,2016-01-26-142,1.0
27,2016-01-26-58,7.93841
45,2016-01-26-106,1.00019
30,2016-01-26-142,1.0
53,2016-01-26-106,1.00019
32,2016-01-26-58,1.00004
46,2016-01-26-46,49.3686
40,2016-01-26-130,1.0
38,2016-01-26-46,1.00019
46,2016-01-26-94,1.62452
50,2016-01-26-46,1.00019
33,2016-01-26-130,1.00054
24,2016-01-26-130,1.95671
37,2016-01-26-118,3.28795
8,2016-01-26-130,65.6491
4,2016-01-26-94,1.14724
26,2016-01-26-106,1.00019
15,2016-01-26-70,1.0
38,2016-01-26-130,1.00019
2,2016-01-26-46,1.0
30,2016-01-26-70,1.00079
36,2016-01-26-70,1.00004
49,2016-01-26-58,1.07466
40,2016-01-26-106,1.0
58,2016-01-26-46,1.0
53,2016-01-26-82,2.14482
27,2016-01-26-118,3.46435
14,2016-01-26-142,1.01551
30,2016-01-26-130,1.00026
10,2016-01-26-142,1.0
43,2016-01-26-46,1.00054
25,2016-01-26-82,1.0
49,2016-01-26-118,1.00019
3,2016-01-26-106,1.0
47,2016-01-26-118,1.07466
25,2016-01-26-106,1.03772
43,2016-01-26-70,1.00023
6,2016-01-26-46,1.52316
64,2016-01-26-58,1.0
52,2016-01-26-94,1.00019
6,2016-01-26-82,1.0
58,2016-01-26-142,1.00032
28,2016-01-26-82,4.61171
4,2016-01-26-130,5.98822
47,2016-01-26-58,1.18433
11,2016-01-26-82,1.03988
44,2016-01-26-82,1.00019
26,2016-01-26-130,7.66181
15,2016-01-26-142,1.0
57,2016-01-26-70,1.00085
45,2016-01-26-130,1.00019
12,2016-01-26-46,2.41399
54,2016-01-26-70,1.0
16,2016-01-26-94,1.00019
10,2016-01-26-82,1.00032
9,2016-01-26-46,1.00019
44,2016-01-26-118,1.00004
20,2016-01-26-142,1.52144
32,2016-01-26-70,1.00019
60,2016-01-26-94,1.00019
37,2016-01-26-94,25.1086
37,2016-01-26-82,48.6868
35,2016-01-26-82,1.0
54,2016-01-26-46,1.0
63,2016-01-26-106,1.0
20,2016-01-26-82,1.72487
41,2016-01-26-46,1.0
30,2016-01-26-118,1.0
50,2016-01-26-70,1.00019
17,2016-01-26-118,1.0
50,2016-01-26-58,1.00019
21,2016-01-26-142,1.02651
28,2016-01-26-142,4.03296
57,2016-01-26-106,1.0
41,2016-01-26-106,1.07478
14,2016-01-26-118,1.66952
27,2016-01-26-82,7.2708
24,2016-01-26-142,1.0
40,2016-01-26-46,1.00032
28,2016-01-26-46,8.22865
65,2016-01-26-58,1.0
19,2016-01-26-94,1.02529
32,2016-01-26-82,1.0
36,2016-01-26-58,1.0
57,2016-01-26-118,1.0
56,2016-01-26-106,1.00019
3,2016-01-26-58,1.00001
48,2016-01-26-142,9.69025
10,2016-01-26-130,1.0
45,2016-01-26-94,1.00001
29,2016-01-26-130,1.02435
24,2016-01-26-82,36.7561
36,2016-01-26-130,1.00004
14,2016-01-26-94,16.803
40,2016-01-26-142,1.00054
56,2016-01-26-94,1.00032
62,2016-01-26-58,1.00032
41,2016-01-26-118,1.0
61,2016-01-26-82,1.0
51,2016-01-26-46,18.3305
19,2016-01-26-142,1.12175
21,2016-01-26-94,1.03359
38,2016-01-26-70,1.00001
66,2016-01-26-106,1.0
58,2016-01-26-130,1.00079
25,2016-01-26-46,1.00032
1,2016-01-28-58,2.89206
41,2016-01-28-82,1.0
19,2016-01-28-82,1.02899
23,2016-01-28-118,31.2939
16,2016-01-28-70,1.00001
37,2016-01-28-142,1.3494
64,2016-01-28-130,1.0
2,2016-01-28-58,1.00054
13,2016-01-28-70,1.0
7,2016-01-28-118,59.9833
35,2016-01-28-130,2.12641
50,2016-01-28-118,1.00048
24,2016-01-28-70,14.0961
50,2016-01-28-130,1.0
22,2016-01-28-94,13.9189
22,2016-01-28-118,11.4502
8,2016-01-28-82,67.1322
54,2016-01-28-82,1.00019
29,2016-01-28-106,1.0
11,2016-01-28-118,1.00023
5,2016-01-28-142,1.00019
32,2016-01-28-106,1.00019
57,2016-01-28-130,1.0
40,2016-01-28-118,1.00079
56,2016-01-28-130,1.0
18,2016-01-28-94,1.00001
1,2016-01-28-106,3.26104
22,2016-01-28-82,7.63893
23,2016-01-28-106,68.1252
28,2016-01-28-130,71.6026
55,2016-01-28-58,1.0
61,2016-01-28-118,1.0
7,2016-01-28-94,36.441
54,2016-01-28-130,1.00048
63,2016-01-28-94,1.0
31,2016-01-28-130,1.00054
22,2016-01-28-106,13.7755
61,2016-01-28-142,1.00019
11,2016-01-28-94,1.00019
26,2016-01-28-58,5.556
20,2016-01-28-118,3.05576
33,2016-01-28-118,1.00048
13,2016-01-28-118,1.0
1,2016-01-28-94,3.26212
37,2016-01-28-130,18.6657
2,2016-01-28-94,1.0
17,2016-01-28-106,1.0
62,2016-01-28-130,1.0
58,2016-01-28-58,1.44177
40,2016-01-28-58,1.93284
1,2016-01-28-70,2.21182
51,2016-01-28-142,87.401
48,2016-01-28-118,13.8206
34,2016-01-28-118,1.00054
53,2016-01-28-118,1.6842
55,2016-01-28-94,1.0
13,2016-01-28-82,1.0
31,2016-01-28-142,1.00001
64,2016-01-28-82,1.0
25,2016-01-28-142,1.0
47,2016-01-28-94,1.00001
29,2016-01-28-94,1.00047
48,2016-01-28-70,8.39672
9,2016-01-28-82,1.0632
65,2016-01-28-142,1.0
59,2016-01-28-58,1.0
66,2016-01-28-58,1.0
44,2016-01-28-58,1.0
46,2016-01-28-70,5.45075
8,2016-01-28-118,40.5267
38,2016-01-28-82,1.0
16,2016-01-28-130,1.07466
9,2016-01-28-142,1.00019
60,2016-01-28-82,1.0
35,2016-01-28-58,1.01311
6,2016-01-28-142,1.0
4,2016-01-28-106,1.91451
40,2016-01-28-82,1.4374
19,2016-01-28-58,2.12375
33,2016-01-28-94,1.00023
56,2016-01-28-58,1.00019
54,2016-01-28-106,1.00026
46,2016-01-28-130,3.49435
21,2016-01-28-130,1.26236
54,2016-01-28-142,1.0
49,2016-01-28-106,1.00032
13,2016-01-28-106,1.00032
16,2016-01-28-58,2.71873
44,2016-01-28-94,1.0
62,2016-01-28-118,1.00019
62,2016-01-28-70,1.00019
34,2016-01-28-82,1.0
5,2016-01-28-94,1.00048
51,2016-01-28-118,52.2589
39,2016-01-28-94,1.00032
60,2016-01-28-130,1.00054
42,2016-01-28-142,1.54778
39,2016-01-28-106,1.00019
4,2016-01-28-142,1.00023
31,2016-01-28-94,1.00032
65,2016-01-28-82,1.0
38,2016-01-28-94,1.00023
23,2016-01-28-142,9.24502
5,2016-01-28-82,1.0
52,2016-01-28-142,1.0
66,2016-01-28-94,1.0
26,2016-01-28-70,2.82108
64,2016-01-28-106,1.0
11,2016-01-28-70,1.00079
43,2016-01-28-58,1.00019
65,2016-01-28-94,1.0
15,2016-01-28-58,1.0
63,2016-01-28-58,1.0
6,2016-01-28-94,1.00029
30,2016-01-28-58,1.00019
15,2016-01-28-118,1.00054
7,2016-01-28-106,62.6176
58,2016-01-28-70,1.7562
63,2016-01-28-82,1.00032
36,2016-01-28-118,1.0
40,2016-01-28-70,1.0
3,2016-01-28-118,1.00048
55,2016-01-28-130,1.0
53,2016-01-28-94,1.07775
33,2016-01-28-142,1.0
38,2016-01-28-118,1.0
18,2016-01-28-142,1.00001
62,2016-01-28-106,1.00019
53,2016-01-28-142,1.0
11,2016-01-28-58,1.58746
20,2016-01-28-130,22.1646
2,2016-01-28-142,1.0
15,2016-01-28-130,1.0
42,2016-01-28-118,2.58756
18,2016-01-28-58,1.55965
24,2016-01-28-118,1.67863
41,2016-01-28-94,1.0
6,2016-01-28-70,1.00004
4,2016-01-28-58,53.8912
54,2016-01-28-118,1.18067
46,2016-01-28-58,61.297
18,2016-01-28-118,1.00001
52,2016-01-28-130,1.00054
34,2016-01-28-58,1.0
38,2016-01-28-142,1.0
55,2016-01-28-106,1.0
58,2016-01-28-118,1.00048
32,2016-01-28-94,1.00032
65,2016-01-28-70,1.00019
49,2016-01-28-130,1.0
49,2016-01-28-70,1.00023
6,2016-01-28-58,13.1363
1,2016-01-28-142,1.30612
31,2016-01-28-82,1.43961
19,2016-01-28-118,1.6728
43,2016-01-28-130,1.00004
44,2016-01-28-142,1.00032
3,2016-01-28-70,1.07466
48,2016-01-28-82,7.30608
8,2016-01-28-58,72.6077
11,2016-01-28-142,1.00032
42,2016-01-28-58,6.64494
46,2016-01-28-82,4.61843
39,2016-01-28-118,1.0
19,2016-01-28-130,1.55405
18,2016-01-28-82,1.07495
46,2016-01-28-142,1.51509
21,2016-01-28-118,1.48542
1,2016-01-28-130,4.58901
13,2016-01-28-58,1.00019
20,2016-01-28-94,1.2131
52,2016-01-28-106,1.0
51,2016-01-28-82,22.6518
30,2016-01-28-94,1.0
24,2016-01-28-58,68.9275
62,2016-01-28-82,1.0
57,2016-01-28-142,1.11787
51,2016-01-28-70,46.0285
12,2016-01-28-118,1.78833
36,2016-01-28-94,1.07501
60,2016-01-28-118,1.0
46,2016-01-28-106,5.56608
47,2016-01-28-130,1.0
9,2016-01-28-130,1.05182
54,2016-01-28-94,1.0
56,2016-01-28-118,1.00032
50,2016-01-28-106,1.00032
36,2016-01-28-142,1.00054
49,2016-01-28-94,1.31607
26,2016-01-28-94,1.70267
50,2016-01-28-82,1.06356
52,2016-01-28-70,1.00048
6,2016-01-28-118,1.00032
10,2016-01-28-106,1.0
47,2016-01-28-142,1.0
20,2016-01-28-106,3.46999
28,2016-01-28-106,11.208
51,2016-01-28-106,72.9581
57,2016-01-28-58,1.0
63,2016-01-28-70,1.0
59,2016-01-28-94,1.0
39,2016-01-28-130,1.01247
55,2016-01-28-70,1.0
31,2016-01-28-58,1.73366
46,2016-01-28-118,1.66483
24,2016-01-28-94,3.06022
10,2016-01-28-94,1.0
40,2016-01-28-94,1.0
23,2016-01-28-58,74.6144
18,2016-01-28-130,1.00032
28,2016-01-28-58,6.49439
4,2016-01-28-118,6.53448
64,2016-01-28-118,1.0
17,2016-01-28-130,1.0
34,2016-01-28-94,1.00032
66,2016-01-28-70,1.00175
51,2016-01-28-58,25.0081
5,2016-01-28-58,1.19357
51,2016-01-28-130,83.7077
8,2016-01-28-142,6.43476
52,2016-01-28-118,1.00032
55,2016-01-28-142,1.0
43,2016-01-28-142,1.00019
35,2016-01-28-118,4.65034
2,2016-01-28-106,1.17373
52,2016-01-28-58,1.00019
12,2016-01-28-82,2.51238
8,2016-01-28-106,35.1088
42,2016-01-28-106,2.6977
23,2016-01-28-82,38.7557
12,2016-01-28-106,4.13975
49,2016-01-28-82,1.0
35,2016-01-28-94,1.07466
27,2016-01-28-130,2.58692
25,2016-01-28-130,1.00032
20,2016-01-28-70,1.19798
57,2016-01-28-94,1.0
35,2016-01-28-70,1.0
50,2016-01-28-94,1.0
7,2016-01-28-70,11.3144
37,2016-01-28-106,26.6157
3,2016-01-28-130,1.06367
26,2016-01-28-82,6.20055
60,2016-01-28-58,1.00032
15,2016-01-28-94,1.0
45,2016-01-28-58,1.00054
13,2016-01-28-130,1.0
53,2016-01-28-58,6.17937
25,2016-01-28-58,27.6953
9,2016-01-28-70,1.05315
44,2016-01-28-70,1.0
17,2016-01-28-142,1.00032
59,2016-01-28-106,1.0
10,2016-01-28-70,1.00019
1,2016-01-28-118,4.887
7,2016-01-28-130,53.4376
4,2016-01-28-82,3.25452
50,2016-01-28-142,1.0
19,2016-01-28-106,1.76259
7,2016-01-28-142,10.1598
15,2016-01-28-82,1.0
57,2016-01-28-82,1.0
39,2016-01-28-70,1.00023
39,2016-01-28-142,1.00004
54,2016-01-28-58,1.0937
39,2016-01-28-82,1.00079
25,2016-01-28-94,1.00167
11,2016-01-28-130,1.0
37,2016-01-28-70,10.4161
38,2016-01-28-58,1.40721
21,2016-01-28-70,1.0
29,2016-01-28-118,1.15812
5,2016-01-28-118,1.00026
29,2016-01-28-70,5.93196
17,2016-01-28-82,1.00004
28,2016-01-28-118,5.29697
12,2016-01-28-94,2.55482
61,2016-01-28-106,1.00054
14,2016-01-28-70,9.22405
12,2016-01-28-58,2.08173
21,2016-01-28-58,1.95211
16,2016-01-28-106,1.00054
16,2016-01-28-142,1.00004
7,2016-01-28-58,17.3238
44,2016-01-28-106,1.0
48,2016-01-28-130,67.196
63,2016-01-28-118,1.00079
59,2016-01-28-70,1.00047
48,2016-01-28-94,70.2524
5,2016-01-28-70,1.0
33,2016-01-28-70,1.28935
32,2016-01-28-118,1.00032
27,2016-01-28-70,6.47703
27,2016-01-28-94,6.55556
17,2016-01-28-94,1.00079
47,2016-01-28-106,1.00019
61,2016-01-28-130,1.0
48,2016-01-28-106,60.7553
22,2016-01-28-130,9.66875
59,2016-01-28-118,1.00079
36,2016-01-28-106,1.02592
29,2016-01-28-58,2.36461
45,2016-01-28-118,1.00019
1,2016-01-28-82,2.36104
61,2016-01-28-94,1.00019
30,2016-01-28-82,1.00054
29,2016-01-28-142,1.0
41,2016-01-28-130,1.0
9,2016-01-28-118,1.06155
13,2016-01-28-142,1.00032
18,2016-01-28-70,1.0
10,2016-01-28-118,1.00019
59,2016-01-28-130,1.00019
34,2016-01-28-106,1.00054
2,2016-01-28-70,1.0
3,2016-01-28-142,1.0
61,2016-01-28-58,1.00032
34,2016-01-28-130,1.21984
17,2016-01-28-70,1.00004
17,2016-01-28-58,1.00032
64,2016-01-28-94,1.00079
65,2016-01-28-118,1.00054
27,2016-01-28-142,6.33853
24,2016-01-28-106,3.66288
23,2016-01-28-70,70.85
16,2016-01-28-82,2.41447
63,2016-01-28-130,1.0
22,2016-01-28-58,6.5315
45,2016-01-28-82,1.0
47,2016-01-28-70,2.65916
33,2016-01-28-106,1.0
8,2016-01-28-70,43.4488
55,2016-01-28-82,1.0
31,2016-01-28-70,1.07495
60,2016-01-28-142,1.00023
21,2016-01-28-106,1.34602
12,2016-01-28-70,3.05797
62,2016-01-28-94,1.0
11,2016-01-28-106,1.0323
18,2016-01-28-106,1.0
29,2016-01-28-82,4.06718
58,2016-01-28-94,1.0
58,2016-01-28-82,1.07501
58,2016-01-28-106,1.00019
9,2016-01-28-58,1.9479
35,2016-01-28-106,1.04583
62,2016-01-28-142,1.0
12,2016-01-28-142,6.53888
56,2016-01-28-82,1.00032
26,2016-01-28-142,1.0
43,2016-01-28-94,1.0
20,2016-01-28-58,3.9414
3,2016-01-28-82,1.0
23,2016-01-28-130,39.6829
35,2016-01-28-142,1.00023
64,2016-01-28-70,1.0
13,2016-01-28-94,1.07466
25,2016-01-28-70,1.02333
65,2016-01-28-106,1.0
12,2016-01-28-130,3.55559
23,2016-01-28-94,70.6298
25,2016-01-28-118,1.3281
38,2016-01-28-106,1.00026
48,2016-01-28-58,11.4528
6,2016-01-28-130,1.00032
60,2016-01-28-106,1.00019
3,2016-01-28-94,1.00032
27,2016-01-28-106,6.95967
14,2016-01-28-106,22.0869
36,2016-01-28-82,1.11834
52,2016-01-28-82,1.07466
22,2016-01-28-70,8.24644
34,2016-01-28-142,1.00026
37,2016-01-28-58,76.7011
43,2016-01-28-118,1.00019
42,2016-01-28-94,2.03165
56,2016-01-28-142,1.00032
2,2016-01-28-118,1.0
41,2016-01-28-142,1.0
60,2016-01-28-70,1.0
31,2016-01-28-106,1.0
33,2016-01-28-82,1.00019
47,2016-01-28-82,2.19323
21,2016-01-28-82,1.01974
15,2016-01-28-106,1.0
66,2016-01-28-82,1.0
59,2016-01-28-82,1.00023
45,2016-01-28-70,1.00079
14,2016-01-28-130,18.6192
63,2016-01-28-142,1.0
19,2016-01-28-70,1.25712
43,2016-01-28-82,1.00079
30,2016-01-28-106,1.00079
33,2016-01-28-58,1.00019
66,2016-01-28-130,1.09857
31,2016-01-28-118,1.00032
4,2016-01-28-70,1.00001
53,2016-01-28-130,1.0
44,2016-01-28-130,1.00019
51,2016-01-28-94,71.683
26,2016-01-28-118,10.4458
6,2016-01-28-106,1.0
22,2016-01-28-142,8.62906
64,2016-01-28-142,1.00175
65,2016-01-28-130,1.0
42,2016-01-28-70,4.72543
41,2016-01-28-58,1.00004
42,2016-01-28-130,2.00582
28,2016-01-28-70,3.12542
55,2016-01-28-118,1.0
39,2016-01-28-58,1.00001
2,2016-01-28-130,1.0
9,2016-01-28-94,1.00048
34,2016-01-28-70,1.0
28,2016-01-28-94,3.61613
59,2016-01-28-142,1.00023
7,2016-01-28-82,14.6642
32,2016-01-28-142,1.00019
66,2016-01-28-142,1.0
14,2016-01-28-82,2.36304
42,2016-01-28-82,1.78228
9,2016-01-28-106,1.06469
16,2016-01-28-118,1.00019
5,2016-01-28-106,1.0
5,2016-01-28-130,1.00019
53,2016-01-28-70,1.0
41,2016-01-28-70,1.07495
14,2016-01-28-58,36.4488
8,2016-01-28-94,74.0516
66,2016-01-28-118,1.0
61,2016-01-28-70,1.00019
10,2016-01-28-58,1.00001
32,2016-01-28-130,1.00019
56,2016-01-28-70,1.0
43,2016-01-28-106,1.0
2,2016-01-28-82,1.0
49,2016-01-28-142,1.0
45,2016-01-28-142,1.0
27,2016-01-28-58,9.68018
45,2016-01-28-106,1.00019
30,2016-01-28-142,1.0
53,2016-01-28-106,1.00023
32,2016-01-28-58,1.00054
40,2016-01-28-130,1.00032
46,2016-01-28-94,1.61483
33,2016-01-28-130,1.00019
24,2016-01-28-130,1.61636
37,2016-01-28-118,7.47927
8,2016-01-28-130,75.1568
4,2016-01-28-94,1.8123
26,2016-01-28-106,1.06693
15,2016-01-28-70,1.0
38,2016-01-28-130,1.0
30,2016-01-28-70,1.00047
36,2016-01-28-70,1.00032
49,2016-01-28-58,1.00004
40,2016-01-28-106,1.00019
53,2016-01-28-82,1.65139
27,2016-01-28-118,7.98161
14,2016-01-28-142,1.07472
30,2016-01-28-130,1.00001
10,2016-01-28-142,1.0
25,2016-01-28-82,1.0
49,2016-01-28-118,1.00029
3,2016-01-28-106,1.0
47,2016-01-28-118,1.00079
25,2016-01-28-106,1.3939
43,2016-01-28-70,1.00023
64,2016-01-28-58,1.0
52,2016-01-28-94,1.0
6,2016-01-28-82,2.65828
58,2016-01-28-142,1.0
28,2016-01-28-82,3.39615
4,2016-01-28-130,16.1189
47,2016-01-28-58,1.07478
11,2016-01-28-82,1.00019
44,2016-01-28-82,1.00019
26,2016-01-28-130,5.16951
15,2016-01-28-142,1.0
57,2016-01-28-70,1.00054
45,2016-01-28-130,1.0
54,2016-01-28-70,1.0
16,2016-01-28-94,1.0
10,2016-01-28-82,1.0
44,2016-01-28-118,1.0
20,2016-01-28-142,1.21894
32,2016-01-28-70,1.00047
60,2016-01-28-94,1.00019
37,2016-01-28-94,29.0203
37,2016-01-28-82,31.3092
35,2016-01-28-82,1.4884
63,2016-01-28-106,1.00079
20,2016-01-28-82,1.28508
30,2016-01-28-118,1.00019
50,2016-01-28-70,1.00019
17,2016-01-28-118,1.00054
50,2016-01-28-58,1.00029
21,2016-01-28-142,1.0198
28,2016-01-28-142,2.41159
57,2016-01-28-106,1.0
41,2016-01-28-106,1.0
14,2016-01-28-118,4.54661
27,2016-01-28-82,7.66553
24,2016-01-28-142,1.00014
65,2016-01-28-58,1.00019
19,2016-01-28-94,1.03066
32,2016-01-28-82,1.00032
36,2016-01-28-58,1.00079
57,2016-01-28-118,1.00054
56,2016-01-28-106,1.48229
3,2016-01-28-58,1.00048
48,2016-01-28-142,7.75991
10,2016-01-28-130,1.00054
45,2016-01-28-94,1.00032
29,2016-01-28-130,1.00026
24,2016-01-28-82,26.6556
36,2016-01-28-130,1.00019
14,2016-01-28-94,8.25046
40,2016-01-28-142,1.00047
56,2016-01-28-94,1.00079
62,2016-01-28-58,1.0
41,2016-01-28-118,1.00019
61,2016-01-28-82,1.00029
19,2016-01-28-142,1.02704
21,2016-01-28-94,1.00867
38,2016-01-28-70,1.07501
66,2016-01-28-106,1.0
58,2016-01-28-130,1.0
1,2016-01-30-58,2.00605
41,2016-01-30-82,1.0
19,2016-01-30-82,1.09792
23,2016-01-30-118,8.99497
16,2016-01-30-70,1.00029
37,2016-01-30-142,1.78515
16,2016-01-30-46,1.07501
64,2016-01-30-130,1.00079
11,2016-01-30-46,1.94077
2,2016-01-30-58,1.0
13,2016-01-30-70,1.06161
7,2016-01-30-118,2.99071
35,2016-01-30-130,1.0
50,2016-01-30-118,1.0
24,2016-01-30-70,34.6127
50,2016-01-30-130,1.00054
22,2016-01-30-94,12.3688
22,2016-01-30-118,9.96122
8,2016-01-30-82,72.8987
54,2016-01-30-82,1.0
29,2016-01-30-106,1.00032
26,2016-01-30-46,3.33282
11,2016-01-30-118,1.0
5,2016-01-30-142,1.0
32,2016-01-30-106,1.0
37,2016-01-30-46,14.2274
57,2016-01-30-130,1.00085
40,2016-01-30-118,1.0
56,2016-01-30-130,1.07466
18,2016-01-30-94,1.00079
55,2016-01-30-46,1.00054
1,2016-01-30-106,2.99385
22,2016-01-30-82,9.88496
23,2016-01-30-106,25.6
28,2016-01-30-130,10.362
55,2016-01-30-58,1.0
61,2016-01-30-118,1.0
7,2016-01-30-94,41.5164
54,2016-01-30-130,1.0
63,2016-01-30-94,1.0
31,2016-01-30-130,1.0
22,2016-01-30-106,9.87172
61,2016-01-30-142,1.0
11,2016-01-30-94,1.00026
26,2016-01-30-58,2.83195
20,2016-01-30-118,2.64372
33,2016-01-30-118,1.0
13,2016-01-30-118,1.00019
1,2016-01-30-94,2.21426
37,2016-01-30-130,5.40192
2,2016-01-30-94,1.0
17,2016-01-30-106,1.00032
49,2016-01-30-46,1.00079
62,2016-01-30-130,1.00004
58,2016-01-30-58,1.00032
40,2016-01-30-58,1.0
1,2016-01-30-70,3.32333
51,2016-01-30-142,83.2539
48,2016-01-30-118,6.26789
34,2016-01-30-118,1.0
53,2016-01-30-118,1.0
45,2016-01-30-46,1.0
55,2016-01-30-94,1.0
13,2016-01-30-82,1.00079
31,2016-01-30-142,1.00026
64,2016-01-30-82,1.0
25,2016-01-30-142,1.07501
47,2016-01-30-94,1.00079
29,2016-01-30-94,1.00048
48,2016-01-30-70,3.53509
9,2016-01-30-82,1.05269
65,2016-01-30-142,1.00054
59,2016-01-30-58,1.0
66,2016-01-30-58,1.0
44,2016-01-30-58,1.00048
46,2016-01-30-70,58.9587
42,2016-01-30-46,9.81983
8,2016-01-30-118,9.76507
38,2016-01-30-82,1.07501
35,2016-01-30-46,1.00048
16,2016-01-30-130,1.00019
9,2016-01-30-142,1.00029
60,2016-01-30-82,1.0
61,2016-01-30-46,1.0
35,2016-01-30-58,1.00079
6,2016-01-30-142,1.2143
4,2016-01-30-106,1.96005
40,2016-01-30-82,1.0
19,2016-01-30-58,1.91427
33,2016-01-30-94,1.00004
52,2016-01-30-46,1.0
56,2016-01-30-58,1.0
54,2016-01-30-106,1.00019
10,2016-01-30-46,1.07466
46,2016-01-30-130,2.96808
21,2016-01-30-130,1.02087
54,2016-01-30-142,1.00047
49,2016-01-30-106,1.0
13,2016-01-30-106,1.00032
16,2016-01-30-58,1.0
44,2016-01-30-94,1.00019
62,2016-01-30-46,1.00019
62,2016-01-30-118,1.0
62,2016-01-30-70,1.00001
5,2016-01-30-46,1.00054
34,2016-01-30-82,1.00001
5,2016-01-30-94,1.0
51,2016-01-30-118,16.6796
39,2016-01-30-94,1.00001
60,2016-01-30-130,1.32389
42,2016-01-30-142,1.00195
39,2016-01-30-106,1.0
20,2016-01-30-46,2.13367
4,2016-01-30-142,1.00001
31,2016-01-30-94,1.0
65,2016-01-30-82,1.0
38,2016-01-30-94,1.00019
23,2016-01-30-142,6.86996
5,2016-01-30-82,1.22747
52,2016-01-30-142,1.00019
66,2016-01-30-94,1.0
26,2016-01-30-70,4.42968
64,2016-01-30-106,1.0
11,2016-01-30-70,1.00019
57,2016-01-30-46,1.0
43,2016-01-30-58,1.00032
65,2016-01-30-94,1.00032
15,2016-01-30-58,1.0
63,2016-01-30-58,1.0
6,2016-01-30-94,1.07466
30,2016-01-30-58,1.00029
15,2016-01-30-118,1.0
7,2016-01-30-106,22.9201
58,2016-01-30-70,1.0
63,2016-01-30-82,1.00004
36,2016-01-30-118,1.0
40,2016-01-30-70,1.18017
3,2016-01-30-118,1.00026
55,2016-01-30-130,1.0
53,2016-01-30-94,1.00019
33,2016-01-30-142,1.00026
38,2016-01-30-118,1.00023
18,2016-01-30-142,1.0
62,2016-01-30-106,1.00023
8,2016-01-30-46,27.2533
53,2016-01-30-142,1.00019
11,2016-01-30-58,1.00001
13,2016-01-30-46,1.00023
20,2016-01-30-130,2.03507
2,2016-01-30-142,1.0
15,2016-01-30-130,1.0
42,2016-01-30-118,1.25097
1,2016-01-30-46,6.91897
18,2016-01-30-58,1.0
24,2016-01-30-118,2.3393
41,2016-01-30-94,1.00079
6,2016-01-30-70,1.07478
4,2016-01-30-58,1.00026
54,2016-01-30-118,1.00019
65,2016-01-30-46,1.0
21,2016-01-30-46,2.4134
46,2016-01-30-58,65.7756
18,2016-01-30-118,1.00032
52,2016-01-30-130,1.0
34,2016-01-30-58,1.0
38,2016-01-30-142,1.00032
55,2016-01-30-106,1.0
58,2016-01-30-118,1.00054
32,2016-01-30-94,1.07466
65,2016-01-30-70,1.00026
49,2016-01-30-130,1.00032
49,2016-01-30-70,1.00019
6,2016-01-30-58,1.07501
32,2016-01-30-46,1.00004
1,2016-01-30-142,4.83535
15,2016-01-30-46,1.0
31,2016-01-30-82,1.00004
19,2016-01-30-118,1.17277
43,2016-01-30-130,1.0
44,2016-01-30-142,1.00054
3,2016-01-30-70,1.00019
48,2016-01-30-82,27.5184
8,2016-01-30-58,33.5919
11,2016-01-30-142,1.00048
29,2016-01-30-46,2.54651
42,2016-01-30-58,1.53453
46,2016-01-30-82,52.6322
39,2016-01-30-118,1.0
19,2016-01-30-130,1.02766
18,2016-01-30-82,1.00032
46,2016-01-30-142,1.34618
21,2016-01-30-118,1.5431
1,2016-01-30-130,5.86409
13,2016-01-30-58,1.00001
20,2016-01-30-94,1.93456
44,2016-01-30-46,1.00054
52,2016-01-30-106,1.0
51,2016-01-30-82,25.3048
30,2016-01-30-94,1.00019
24,2016-01-30-58,9.69382
62,2016-01-30-82,1.00048
57,2016-01-30-142,1.0
51,2016-01-30-70,15.0231
12,2016-01-30-118,2.26959
36,2016-01-30-94,1.00032
60,2016-01-30-118,1.0
46,2016-01-30-106,2.29719
47,2016-01-30-130,1.0
9,2016-01-30-130,1.00032
54,2016-01-30-94,1.03073
56,2016-01-30-118,1.0
50,2016-01-30-106,1.0
36,2016-01-30-142,1.0
49,2016-01-30-94,1.00001
26,2016-01-30-94,4.6516
50,2016-01-30-82,1.0
52,2016-01-30-70,1.00019
6,2016-01-30-118,1.0
10,2016-01-30-106,1.00054
47,2016-01-30-142,1.07466
20,2016-01-30-106,3.37272
28,2016-01-30-106,6.95271
51,2016-01-30-106,39.8091
48,2016-01-30-46,29.2299
57,2016-01-30-58,1.0
63,2016-01-30-70,1.0
59,2016-01-30-94,1.0
39,2016-01-30-130,1.00004
55,2016-01-30-70,1.0
31,2016-01-30-58,1.00001
46,2016-01-30-118,2.9728
24,2016-01-30-94,7.06391
10,2016-01-30-94,1.00023
40,2016-01-30-94,1.00019
23,2016-01-30-58,55.4599
18,2016-01-30-130,1.0
28,2016-01-30-58,4.35929
4,2016-01-30-118,1.77839
64,2016-01-30-118,1.0
59,2016-01-30-46,1.00054
17,2016-01-30-130,1.0
34,2016-01-30-94,1.00004
66,2016-01-30-70,1.0
51,2016-01-30-58,10.2723
47,2016-01-30-46,1.00029
5,2016-01-30-58,1.07466
51,2016-01-30-130,89.0715
23,2016-01-30-46,41.7926
8,2016-01-30-142,4.94325
52,2016-01-30-118,1.0
55,2016-01-30-142,1.0
43,2016-01-30-142,1.0
35,2016-01-30-118,1.00001
2,2016-01-30-106,1.03402
52,2016-01-30-58,1.0
12,2016-01-30-82,2.47017
8,2016-01-30-106,17.3818
42,2016-01-30-106,1.70876
23,2016-01-30-82,77.1629
12,2016-01-30-106,3.18387
49,2016-01-30-82,1.00019
35,2016-01-30-94,1.0743
27,2016-01-30-130,6.21211
25,2016-01-30-130,1.0
20,2016-01-30-70,19.5684
57,2016-01-30-94,1.0
35,2016-01-30-70,1.00001
50,2016-01-30-94,1.0
7,2016-01-30-70,25.122
37,2016-01-30-106,8.90565
3,2016-01-30-130,1.00004
26,2016-01-30-82,14.6306
60,2016-01-30-58,1.00032
15,2016-01-30-94,1.0
45,2016-01-30-58,1.00032
13,2016-01-30-130,1.00032
63,2016-01-30-46,1.0
53,2016-01-30-58,1.02431
25,2016-01-30-58,1.00048
9,2016-01-30-70,1.05457
44,2016-01-30-70,1.0
31,2016-01-30-46,1.00026
17,2016-01-30-142,1.00023
59,2016-01-30-106,1.00032
10,2016-01-30-70,1.28861
1,2016-01-30-118,3.31649
7,2016-01-30-130,21.8246
4,2016-01-30-82,3.98216
50,2016-01-30-142,1.00019
19,2016-01-30-106,1.56822
7,2016-01-30-142,3.80203
15,2016-01-30-82,1.0
57,2016-01-30-82,1.0
39,2016-01-30-70,1.0
39,2016-01-30-142,1.00032
54,2016-01-30-58,1.0
39,2016-01-30-82,1.0
25,2016-01-30-94,1.00032
11,2016-01-30-130,1.00079
37,2016-01-30-70,80.669
38,2016-01-30-58,1.42299
21,2016-01-30-70,1.0
29,2016-01-30-118,1.00004
5,2016-01-30-118,1.0
29,2016-01-30-70,2.0154
30,2016-01-30-46,1.0
17,2016-01-30-82,1.0
28,2016-01-30-118,3.64703
12,2016-01-30-94,2.71858
61,2016-01-30-106,1.00054
14,2016-01-30-70,8.23302
12,2016-01-30-58,1.85756
21,2016-01-30-58,1.03787
22,2016-01-30-46,1.07466
16,2016-01-30-106,1.00019
16,2016-01-30-142,1.00032
7,2016-01-30-58,4.45641
19,2016-01-30-46,1.07014
44,2016-01-30-106,1.07466
48,2016-01-30-130,57.3928
63,2016-01-30-118,1.0
59,2016-01-30-70,1.0
48,2016-01-30-94,67.407
5,2016-01-30-70,1.00048
33,2016-01-30-70,1.00054
32,2016-01-30-118,1.00029
27,2016-01-30-70,5.7453
17,2016-01-30-46,1.0
27,2016-01-30-94,6.2627
17,2016-01-30-94,1.0
47,2016-01-30-106,1.0
61,2016-01-30-130,1.0
48,2016-01-30-106,78.613
22,2016-01-30-130,11.4364
59,2016-01-30-118,1.0
36,2016-01-30-106,1.00026
29,2016-01-30-58,1.47184
45,2016-01-30-118,1.00032
1,2016-01-30-82,2.99499
61,2016-01-30-94,1.0
30,2016-01-30-82,1.00019
29,2016-01-30-142,1.00001
41,2016-01-30-130,1.00032
9,2016-01-30-118,1.0
13,2016-01-30-142,1.0
18,2016-01-30-70,1.07793
10,2016-01-30-118,1.00019
59,2016-01-30-130,1.0
34,2016-01-30-106,1.00023
2,2016-01-30-70,1.0
3,2016-01-30-142,1.0
61,2016-01-30-58,1.0
34,2016-01-30-130,1.00048
17,2016-01-30-70,1.07466
17,2016-01-30-58,1.0
64,2016-01-30-94,1.0
65,2016-01-30-118,1.07466
27,2016-01-30-142,2.75549
24,2016-01-30-106,2.64885
23,2016-01-30-70,69.901
16,2016-01-30-82,1.16619
63,2016-01-30-130,1.0
22,2016-01-30-58,7.34279
45,2016-01-30-82,1.00026
66,2016-01-30-46,1.0
47,2016-01-30-70,1.47461
33,2016-01-30-106,1.00001
8,2016-01-30-70,76.7997
55,2016-01-30-82,1.0
31,2016-01-30-70,1.07466
60,2016-01-30-46,1.0
60,2016-01-30-142,1.0
21,2016-01-30-106,1.39058
12,2016-01-30-70,2.33081
62,2016-01-30-94,1.07495
11,2016-01-30-106,1.03015
18,2016-01-30-106,1.00079
4,2016-01-30-46,2.354
29,2016-01-30-82,4.8147
58,2016-01-30-94,1.00032
58,2016-01-30-82,1.00019
58,2016-01-30-106,1.00019
9,2016-01-30-58,1.00004
35,2016-01-30-106,1.0
62,2016-01-30-142,1.0
12,2016-01-30-142,2.56092
56,2016-01-30-82,1.2039
26,2016-01-30-142,1.0
43,2016-01-30-94,1.07478
20,2016-01-30-58,2.37625
64,2016-01-30-46,1.0
56,2016-01-30-46,1.0
3,2016-01-30-82,1.00004
23,2016-01-30-130,21.9248
35,2016-01-30-142,1.00026
64,2016-01-30-70,1.0
13,2016-01-30-94,1.00001
25,2016-01-30-70,1.00032
65,2016-01-30-106,1.0
12,2016-01-30-130,3.49919
23,2016-01-30-94,71.1812
25,2016-01-30-118,1.03436
38,2016-01-30-106,1.0
48,2016-01-30-58,2.66676
6,2016-01-30-130,1.00019
60,2016-01-30-106,1.00019
3,2016-01-30-94,1.0
27,2016-01-30-106,7.11973
14,2016-01-30-106,13.1987
36,2016-01-30-82,1.00019
52,2016-01-30-82,1.0
22,2016-01-30-70,10.5378
34,2016-01-30-142,1.00004
18,2016-01-30-46,1.07466
37,2016-01-30-58,17.8214
43,2016-01-30-118,1.0
42,2016-01-30-94,1.77407
14,2016-01-30-46,17.4276
27,2016-01-30-46,4.13013
56,2016-01-30-142,1.00054
2,2016-01-30-118,1.0
41,2016-01-30-142,1.0
60,2016-01-30-70,1.0
31,2016-01-30-106,1.81211
33,2016-01-30-82,1.00032
47,2016-01-30-82,1.07495
21,2016-01-30-82,2.19009
15,2016-01-30-106,1.00054
66,2016-01-30-82,1.0
59,2016-01-30-82,1.00026
45,2016-01-30-70,1.00054
14,2016-01-30-130,4.31623
63,2016-01-30-142,1.0
19,2016-01-30-70,1.0
3,2016-01-30-46,1.00032
24,2016-01-30-46,20.9231
43,2016-01-30-82,1.0
30,2016-01-30-106,1.00054
33,2016-01-30-58,1.00054
53,2016-01-30-46,1.0
66,2016-01-30-130,1.0
31,2016-01-30-118,1.00023
4,2016-01-30-70,2.10605
53,2016-01-30-130,1.00019
44,2016-01-30-130,1.0
51,2016-01-30-94,67.9
26,2016-01-30-118,1.52148
6,2016-01-30-106,1.00023
22,2016-01-30-142,9.6878
7,2016-01-30-46,7.6148
64,2016-01-30-142,1.00143
65,2016-01-30-130,1.00032
33,2016-01-30-46,1.00032
42,2016-01-30-70,7.09129
41,2016-01-30-58,1.07466
42,2016-01-30-130,1.53785
28,2016-01-30-70,4.19198
55,2016-01-30-118,1.05083
39,2016-01-30-58,1.0
2,2016-01-30-130,1.00085
9,2016-01-30-94,1.00004
34,2016-01-30-46,1.0
34,2016-01-30-70,1.00054
28,2016-01-30-94,4.14168
59,2016-01-30-142,1.0
7,2016-01-30-82,41.5035
32,2016-01-30-142,1.0
66,2016-01-30-142,1.0
14,2016-01-30-82,24.691
42,2016-01-30-82,8.2415
9,2016-01-30-106,1.0287
16,2016-01-30-118,1.00019
5,2016-01-30-106,1.0
5,2016-01-30-130,1.0
53,2016-01-30-70,1.0
41,2016-01-30-70,1.00004
14,2016-01-30-58,4.72687
8,2016-01-30-94,73.7487
66,2016-01-30-118,1.0
61,2016-01-30-70,1.00047
10,2016-01-30-58,1.00032
32,2016-01-30-130,1.0
56,2016-01-30-70,1.00029
43,2016-01-30-106,1.00019
36,2016-01-30-46,8.5786
2,2016-01-30-82,1.00085
49,2016-01-30-142,1.00019
39,2016-01-30-46,1.00054
45,2016-01-30-142,1.00032
27,2016-01-30-58,7.68104
45,2016-01-30-106,1.00079
30,2016-01-30-142,1.0
53,2016-01-30-106,1.00019
32,2016-01-30-58,1.0
46,2016-01-30-46,20.4552
40,2016-01-30-130,1.00054
38,2016-01-30-46,1.07501
46,2016-01-30-94,2.45752
50,2016-01-30-46,1.0
33,2016-01-30-130,1.00054
24,2016-01-30-130,1.71984
37,2016-01-30-118,2.65205
8,2016-01-30-130,30.2911
4,2016-01-30-94,3.15345
26,2016-01-30-106,1.86075
15,2016-01-30-70,1.0
38,2016-01-30-130,1.06323
2,2016-01-30-46,1.0
30,2016-01-30-70,1.00079
36,2016-01-30-70,1.0
49,2016-01-30-58,1.0
40,2016-01-30-106,1.00004
58,2016-01-30-46,1.07466
53,2016-01-30-82,1.07501
27,2016-01-30-118,6.07669
14,2016-01-30-142,1.1047
30,2016-01-30-130,1.07501
10,2016-01-30-142,1.0
43,2016-01-30-46,1.00001
25,2016-01-30-82,1.03534
49,2016-01-30-118,1.00032
3,2016-01-30-106,1.00032
47,2016-01-30-118,1.00001
25,2016-01-30-106,1.54794
43,2016-01-30-70,1.00001
6,2016-01-30-46,1.503
64,2016-01-30-58,1.00079
52,2016-01-30-94,1.0
6,2016-01-30-82,1.0
58,2016-01-30-142,1.00032
28,2016-01-30-82,8.50982
4,2016-01-30-130,3.38291
47,2016-01-30-58,3.2501
11,2016-01-30-82,1.03044
44,2016-01-30-82,1.00032
26,2016-01-30-130,1.25934
15,2016-01-30-142,1.0
57,2016-01-30-70,1.0
45,2016-01-30-130,1.0
12,2016-01-30-46,4.23672
54,2016-01-30-70,1.0
16,2016-01-30-94,1.00032
10,2016-01-30-82,1.00004
9,2016-01-30-46,1.00004
44,2016-01-30-118,1.0
20,2016-01-30-142,1.23124
32,2016-01-30-70,1.0
60,2016-01-30-94,1.0
37,2016-01-30-94,27.7853
37,2016-01-30-82,85.2334
35,2016-01-30-82,1.00004
54,2016-01-30-46,1.0
63,2016-01-30-106,1.0
20,2016-01-30-82,13.4861
41,2016-01-30-46,1.00004
30,2016-01-30-118,1.00054
50,2016-01-30-70,1.00019
17,2016-01-30-118,1.00019
50,2016-01-30-58,1.0
21,2016-01-30-142,1.00198
28,2016-01-30-142,2.26472
57,2016-01-30-106,1.0
41,2016-01-30-106,1.00054
14,2016-01-30-118,1.5701
27,2016-01-30-82,6.98825
24,2016-01-30-142,1.22313
40,2016-01-30-46,1.00001
28,2016-01-30-46,20.5785
65,2016-01-30-58,1.0
19,2016-01-30-94,1.0
32,2016-01-30-82,1.0
36,2016-01-30-58,1.0
57,2016-01-30-118,1.0
56,2016-01-30-106,1.00013
3,2016-01-30-58,1.00054
48,2016-01-30-142,5.7371
10,2016-01-30-130,1.00001
45,2016-01-30-94,1.0
29,2016-01-30-130,1.18063
24,2016-01-30-82,48.2409
36,2016-01-30-130,1.02431
14,2016-01-30-94,8.04949
40,2016-01-30-142,1.00032
56,2016-01-30-94,1.0
62,2016-01-30-58,1.0
41,2016-01-30-118,1.0
61,2016-01-30-82,1.0
51,2016-01-30-46,28.0821
19,2016-01-30-142,1.02002
21,2016-01-30-94,1.19604
38,2016-01-30-70,1.07495
66,2016-01-30-106,1.00175
58,2016-01-30-130,1.0
25,2016-01-30-46,1.00019
